hash,num_paths,sample_path
007bc30a58fa40a996e772047120de4eaf31f5110e4f9c3b5f93fcdfbe2eaca1,1,camboai\camboai\docs\specs\project\GitHub\CamboStationVision\venv\Lib\site-packages\sympy\parsing\latex\LICENSE.txt
00b9ac69bc4dd364768cb9bf33d1356544f833f6e32e04f3669c4a81beed35b6,2,camboai\camboai\docs\specs\project\CamboAI-TraderStation\New folder\frontend\node_modules\string-natural-compare\LICENSE.txt
00f8c92936d9723d0e4387dd81fd9e4c293cda72b59f60455ce0fb932e3530f6,1,camboai\camboai\docs\specs\project\GitHub\CamboStationVision\venv\Lib\site-packages\httptools-0.6.4.dist-info\top_level.txt
012d4f8eb87dc8213420ae7780c1a8e3a7516f6df31d7ba5fdd3685ada0f16dd,2,camboai\camboai\docs\specs\project\CamboAI-TraderStation\New folder\frontend\node_modules\exit\test\fixtures\100-stdout.txt
01ba4719c80b6fe911b091a7c05124b64eeece964e09c058ef8f9805daca546b,4,camboai\camboai\docs\specs\TraderStation\env\Lib\site-packages\pkg_resources\tests\data\my-test-package_unpacked-egg\my_test_package-1.0-py3.7.egg\EGG-INFO\dependency_links.txt
02699042a845c23a0210accd6a35d8e5fdbccb12cffdc8157e52444bcd84fdcb,1,camboai\camboai\docs\specs\TraderStation\New folder\.venv\Lib\site-packages\websockets-9.1.dist-info\top_level.txt
02d23219c09b995b7b41bd13819e4112dd39e8fa3a79f85364872be2d7abcadd,2,docs\specs\Desktop\Windows PowerShelcambol.txt
0312c4bc710c8535be2af6fd2f2d433c8dda6a98a043669e83c4d732df56311a,2,camboai\camboai\docs\specs\TraderStation\env\Lib\site-packages\prometheus_client-0.22.1.dist-info\top_level.txt
0337e180a292f04740c16513485f2681e5506d7398f64a241c1ea44aac30aaed,2,camboai\camboai\docs\specs\TraderStation\env\Lib\site-packages\setuptools\_vendor\autocommand-2.2.2.dist-info\top_level.txt
0397ea83f00780e41cff4a35359f94a3906c6fb095ddf47df49fa9d7e178cae0,1,camboai\camboai\docs\specs\project\GitHub\CamboStationVision\venv\Lib\site-packages\diskcache-5.6.3.dist-info\top_level.txt
040f716c9a4b75a4f1aaf61b2a28189cc424ce9f3e510afa4b89b79414e4c73c,1,camboai\camboai\docs\specs\TraderStation\New folder\.venv\Lib\site-packages\passlib-1.7.4.dist-info\top_level.txt
054556ae1f0456590e84cd67dd7f52f26b13695702fb7b3a4a3b7ad1abc762eb,1,camboai\camboai\docs\specs\project\GitHub\CamboStationVision\venv\Lib\site-packages\mpmath-1.3.0.dist-info\top_level.txt
056983888f1ea0a7ec799e7e308d805bae862c92cd1f82f3db70175d3ac89724,1,camboai\camboai\docs\specs\project\GitHub\CamboStationVision\venv\Lib\site-packages\google_auth-2.40.3.dist-info\top_level.txt
0574ff5b303e25c905134298205592c10652162bfbbf201d7890b3cc16a93292,6,camboai\camboai\docs\specs\project\CamboStation309\AI_Trade_Section\MacroConductor\Persona_Operative_Channel\Mari.txt
05f1810f1695441cee84c1fabec19fa59cbd169e9e132cc9243eb558288d6f43,2,camboai\camboai\docs\specs\TraderStation\env\Lib\site-packages\jupyterlab\static\1909.7487a09fefbe7f9eabb6.js.LICENSE.txt
06447fa81cc36d2bb270ccc7584d6fcd7adf61e700cd456642ce86d82ba4a8d2,2,camboai\camboai\docs\specs\project\GitHub\CamboStationVision\venv\Lib\site-packages\bcrypt-4.3.0.dist-info\top_level.txt
06c51c6abfc2d276733c657669c92b27d0a9554f3fd16fe91d82b0a5d9d675d3,2,camboai\camboai\docs\specs\project\GitHub\CamboStationVision\venv\Lib\site-packages\jsonpointer-3.0.0.dist-info\top_level.txt
0749c67d21e22aaa3b008f01e39554a29ee0142f5c562307591abfdaae285d2a,1,camboai\camboai\docs\specs\TraderStation\New folder\.venv\Lib\site-packages\finnhub_python-2.4.13.dist-info\top_level.txt
07a10e8fa8c4d041d68f21059a3fe94b90ba4b366fc4dadbdec89207939a8214,1,camboai\camboai\docs\specs\project\CamboAgent\Builds\version.txt
07c3441ba4b58fc0fbb383d1bd956c411782c2f50395fa2cc435cc9468148b63,2,docs\specs\Desktop\openrouter api.txt
08633c6992181e578f0dd027475c97dcc7c31aed0e71e66952223f638b5919a5,2,camboai\camboai\docs\specs\project\GitHub\CamboStationVision\venv\Lib\site-packages\IPython\testing\plugin\test_example.txt
086bc390e394f34aa09e39b77cd2a262a7c34345e50cef00fd675905fea1788b,1,camboai\camboai\docs\specs\project\GitHub\CamboStationVision\CloudSync_ModuleLogs\README.txt
08ca5d2a49712acbd980283296dc5458e1e26d95d9d6e60856971af71b10f079,3,camboai\camboai\docs\specs\project\CamboStation309\john-trading-hub\john-trading-hub\venv\Lib\site-packages\websockets-15.0.1.dist-info\top_level.txt
08eddf0fdcb29403625e4acca38a872d5fe6a972f6b02e4914a82dd725804fe0,3,camboai\camboai\docs\specs\project\GitHub\CamboStationVision\venv\Lib\site-packages\importlib_metadata-8.7.0.dist-info\top_level.txt
0a64d2681a1e3c7ccd1c2a146a68812d4a23e66ca7cc1dea0e30dbd81e80c369,2,camboai\camboai\docs\specs\project\CamboAI-TraderStation\New folder\frontend\node_modules\typescript\ThirdPartyNoticeText.txt
0b77bdb04e0461147a7c783c200bc11a6591886e59e2509f5d7f6cb7179d01ab,1,camboai\camboai\docs\specs\project\CamboStationVision1226\venv\Lib\site-packages\pip-25.1.1.dist-info\top_level.txt
0bef4ffb1855b65570304f2018c6d44e4bab97bd5df8716ecd7800014d717267,1,camboai\camboai\docs\specs\project\GitHub\CamboStationVision\venv\Lib\site-packages\coloredlogs-15.0.1.dist-info\LICENSE.txt
0d255fc4f59c2f2182fa4de22d61ab67ee1543a275b64bf60a533e9fc661dc99,6,docs\specs\D_TraderStation\Connect pattern and sentiment engin.txt
0d48994da4d1321e395b5e64a724ed4dec63fb96b88ac5b88fc014771e690821,1,camboai\camboai\docs\specs\project\GitHub\CamboStationVision\venv\Lib\site-packages\pdfplumber-0.11.7.dist-info\licenses\LICENSE.txt
0d8f66cd4afb566cb5b7e1540c68f43b939d3eba12ace290f18abc4f4cb53ed0,2,camboai\camboai\docs\specs\TraderStation\env\Lib\site-packages\jupyterlab\static\232.5419cbec68e3fd0cf431.js.LICENSE.txt
0dd8c1b9523fba3a4a3af6f0b1ddaceb8af9541f785902e9afc3e5e13f67ba5d,3,camboai\camboai\docs\specs\project\CamboStation309\AI_Trade_Section\Setup_Composer\Scorecard_UI\SetupScoreMetrics.txt
0e7867e1d9b912c23864c02c1e574617a0b005766b1979d1edc9cadbe5d1ef36,3,camboai\camboai\docs\specs\project\CamboStation309\john-trading-hub\john-trading-hub\venv\Lib\site-packages\websockets-15.0.1.dist-info\entry_points.txt
0eefa00bd6d71927577f16bae37b234ebd85b56b8b05690103d74e53346e719b,1,camboai\camboai\docs\specs\project\GitHub\CamboStationVision\venv\Lib\site-packages\langchain\chains\llm_summarization_checker\prompts\check_facts.txt
0f72ee46fbac110f3129484fa303d498f58d9bcf054b0f2db37c76ba5bc24b24,1,camboai\camboai\docs\specs\project\GitHub\CamboStationVision\venv\Lib\site-packages\coloredlogs-15.0.1.dist-info\top_level.txt
0f90856ca98fa770aa715a2f6d4aeff7db7bd021fc2a3399b0b083da8c030dd8,3,camboai\camboai\docs\specs\project\CamboStation309\AI_Trade_Section\GammaForge\Greeks_Snapshot\VolatilityResonance.txt
0fa90c0bc38ae47d99e86d3b979f7656d1043677a1c32f30b8cd6b8d5abbc175,1,camboai\camboai\docs\specs\project\GitHub\CamboStationVision\venv\Lib\site-packages\scipy\spatial\tests\data\pdist-boolean-inp.txt
103c61e2735893c926ee95e0dc4dda170a23755e3aa573f3f693cd953d3a91bf,1,camboai\camboai\docs\specs\project\CamboStationVision1226\venv\Lib\site-packages\tornado-6.5.1.dist-info\top_level.txt
10c8972f6b0aad3726accc481d3a9d737113e78a50236634ef62dec4511e9afa,1,camboai\camboai\docs\specs\TraderStation\New folder\.venv\Lib\site-packages\urllib3-1.26.20.dist-info\top_level.txt
11adbe52e395f779a3bb359b3c33a1095161a9ca9fe0d811e27cbac412c7f0e5,8,camboai\camboai\docs\specs\project\CamboAI-TraderStation\New folder\frontend\node_modules\plotly.js\dist\plotly-basic.min.js.LICENSE.txt
11d8462e134e8efe8f4bd52372292a72ff0b670753d2f49f71675eed0dbfd085,2,camboai\camboai\docs\specs\TraderStation\env\Lib\site-packages\pythonwin\license.txt
12224b51b7f966ddb4ed4602b3820bc5803f1336cc4a8f290bdf2793b8087d42,1,camboai\camboai\docs\specs\TraderStation\env\Lib\site-packages\jupyter_core-5.8.1.dist-info\entry_points.txt
12f09ea5910d307b8af5e8ad5642396d2d0e3ef00de2db6f4c27e3d3fc8ca90e,2,docs\specs\Desktop\🧠 Core Tenets.txt
130e3a64d5fdd5d096a752694634a7d9df284469de86e5732100268041e3d686,4,camboai\camboai\docs\specs\project\CamboStation309\john-trading-hub\john-trading-hub\venv\Lib\site-packages\urllib3-2.5.0.dist-info\licenses\LICENSE.txt
13e02469752f267bbc9deaa8e237e89f59f2fda8bca7da483ae24c1d54c687cf,1,camboai\camboai\docs\specs\project\CamboAgent\Logs\build_log.txt
14e0a081510430f5f9c8c4695d8e2d0f7b88381879c73969cc35c5b1b64dc714,2,docs\specs\Desktop\You’ve just officially initiated th.txt
14f37eb7ee4edad9a81bbcdb0b937192c498a410e1b94b281818c56e0e34c5d8,6,docs\specs\D_TraderStation\DEPLOYMENT_SUCCESS.txt
156d70fa191cf50830686a28bccbe6d1963bdf0fcd7327167460147c3b0d1b1c,3,camboai\camboai\docs\specs\project\GitHub\CamboStationVision\venv\Lib\site-packages\uvicorn-0.35.0.dist-info\entry_points.txt
158469b1af3a28303cc0a67cf44ef707d6a1d9ea8f8f02a99fe109ee60a91505,2,camboai\camboai\docs\specs\project\CamboAI-TraderStation\New folder\frontend\node_modules\plotly.js\dist\translation-keys.txt
17170b0511108998d8f0010cb07db24b1fc3f428149c42c9d8524321fd9e4322,1,camboai\camboai\docs\specs\project\GitHub\CamboStationVision\venv\Lib\site-packages\litellm\proxy\_experimental\out\onboarding.txt
1729b5861bb0ef92093a5df734f8b99c824973ae838a8052516ad544856d4541,3,camboai\camboai\docs\specs\project\CamboStation309\john-trading-hub\john-trading-hub\venv\Lib\site-packages\pip\_vendor\vendor.txt
174d195bda9becf19b72c6b26a537e233de9a77d932ac76f7c99f4e86784e8cb,2,camboai\camboai\docs\specs\project\CamboAI-TraderStation\New folder\frontend\node_modules\exit\test\fixtures\100-stderr.txt
17b742e23977cde87c4c61c43da589acc6deba859b4b7efd1b0762f98bdd722b,4,camboai\camboai\docs\specs\project\GitHub\CamboStationVision\venv\Lib\site-packages\h11-0.16.0.dist-info\top_level.txt
1827fe59b219c72193e0c526acf1a3d5c387619a06b0d3c702f3644fa86719e0,2,camboai\camboai\docs\specs\project\GitHub\CamboStationVision\venv\Lib\site-packages\fastapi-0.116.1.dist-info\entry_points.txt
18b05a793a3f0927619c7bdbc50d24ce91077652ee03fdf77e822881a5b19ed2,1,camboai\camboai\docs\specs\project\GitHub\CamboStationVision\venv\Lib\site-packages\transformers-4.53.2.dist-info\top_level.txt
18e38a4023dc9ebd3fec8440af1c88d025f92cbbb858b973211015592faf278b,2,camboai\camboai\docs\specs\project\GitHub\CamboStationVision\venv\Lib\site-packages\parso-0.8.4.dist-info\top_level.txt
19722d0fddf853c41b974b73aafc34c3470582b464b4f73ea5dec23936c6bd46,2,docs\specs\Desktop\import streamlit as st.txt
19a55e78b2f347e0b9030b7b0bdad59fbe48304b4167b664e4f302c2defa46fb,1,camboai\camboai\docs\specs\project\GitHub\CamboStationVision\venv\Lib\site-packages\backtrader-1.9.78.123.dist-info\entry_points.txt
19fae4994ff04e3a4b90e7ed583b866b2103755dd13e93761915505fad558162,7,camboai\camboai\docs\specs\project\CamboStation309\john-trading-hub\john-trading-hub\venv\Lib\site-packages\numpy\_core\tests\data\umath-validation-set-README.txt
1a9c55b2961f5e3062e181fa55666c44d011fc3cc03ed6d4fa4321c51f2a5ec5,4,camboai\camboai\docs\specs\project\CamboAI-TraderStation\New folder\frontend\node_modules\@bcoe\v8-coverage\LICENSE.txt
1ab36e3e2a4ba8631625384f87e9e091db1faed034c5b23325b3239abf2cc525,3,camboai\camboai\docs\specs\TraderStation\env\Lib\site-packages\pip-25.2.dist-info\licenses\src\pip\_vendor\dependency_groups\LICENSE.txt
1af3c68039c57e539422da82a4faada506ce6d0ea6f90e0b699d02dbcdb7a90c,2,camboai\camboai\docs\specs\project\CamboAI-TraderStation\frontend\cambo-ui\node_modules\typescript\ThirdPartyNoticeText.txt
1b04806861a0226fe52ffb3db72976cb7c389c1e65b0c824e1ff4633c7cb91d8,1,camboai\camboai\docs\specs\TraderStation\env\Lib\site-packages\Send2Trash-1.8.3.dist-info\entry_points.txt
1b9b4edb1c3640daf82427da1dde9e51098c31d3bc6650ae95d5b91a3cc24717,3,camboai\camboai\docs\specs\project\CamboStationVision1226\requirements.txt
1bec2239d783aa20e91a8b99678451e937dbc1d5f47139683ce66ffcf5afea24,2,camboai\camboai\docs\specs\project\CamboAI-TraderStation\New folder\frontend\node_modules\plotly.js\dist\plotly-gl3d.min.js.LICENSE.txt
1c144b6c7e8462935b9a9250b91c741e121a2e2dce8e58534c497eb87ecc5114,1,camboai\camboai\docs\specs\project\GitHub\CamboStationVision\modules\# === CamboStationVision™ Dashboard.txt
1d619a5976f674362306c6a139b9d786045c9902699457d2df6a53f4d4e13aac,2,camboai\camboai\docs\specs\project\GitHub\CamboStationVision\venv\Lib\site-packages\json5-0.12.0.dist-info\entry_points.txt
1d6c7e1bf6435cc19a38342f911b67eb1281ef2461090185f0db022db2b782bd,1,camboai\camboai\docs\specs\project\CamboStation_Alpha1.0\requirements.txt
1dac8338e1f9e7005f3d366a779cc9c0ee34c9c8d8b776ddcac69b71bf97241c,3,docs\specs\D_project\# === education_module.py ===.txt
1ec9c6e9ee19aade328f8beb393a6afa71a5bb3acf7d3cc22d4ef568df374bf5,1,camboai\camboai\docs\specs\project\GitHub\CamboStationVision\venv\Lib\site-packages\vaderSentiment\vader_lexicon.txt
1f256ecad192880510e84ad60474eab7589218784b9a50bc7ceee34c2b91f1d5,1,camboai\camboai\docs\specs\TraderStation\env\Lib\site-packages\pyzmq-27.0.0.dist-info\licenses\licenses\LICENSE.zeromq.txt
1f47ee623975562e93ee7c60c3852311c5f391454e0cfa1a8fc2f6e6820b2a2f,2,camboai\camboai\docs\specs\project\GitHub\CamboStationVision\AI_Trade_Section\EventCatalystDeck\CatalystImpactLogs.txt
1f4c7fc8e7e9d34c4ad5647f24c1dcb7ec2bfbb1edf6e0bd89047668734bfeec,3,camboai\camboai\docs\specs\project\CamboStation309\john-trading-hub\john-trading-hub\venv\Lib\site-packages\frozendict-2.4.6.dist-info\top_level.txt
1f68d9683b0327f8bd1f64b05a9c2e15e97c06b67dc472aebe1f83400596f654,1,camboai\camboai\docs\specs\project\GitHub\CamboStationVision\venv\Lib\site-packages\networkx-3.5.dist-info\entry_points.txt
1fc553f88b8f58bcd0ab01bdfde0a18d70c9d73d07f5145e6dd491f740639e4c,1,camboai\camboai\docs\specs\TraderStation\New folder\.venv\Lib\site-packages\beautifulsoup4-4.9.3.dist-info\top_level.txt
200738c6d617a65dd0e0111bf247e0b83724ddae148ba161e24dbdce9fa131e6,2,camboai\camboai\docs\specs\project\CamboAI-TraderStation\New folder\backend\requirements.txt
201318b952021d68bdc6798c376d9434c10561fd784dc702ee8f6e60f872720d,1,camboai\camboai\docs\specs\TraderStation\New folder\.venv\Lib\site-packages\ujson-5.10.0.dist-info\top_level.txt
210b19e543130388c68654b7497e967119ce17145f66ab7d85688fbd70f08751,4,camboai\camboai\docs\specs\project\CamboAI-TraderStation\New folder\frontend\node_modules\tslib\LICENSE.txt
21aacf058618f5e7c99008149eeca43143f39d047e79b590618b1072a606c42a,2,camboai\camboai\docs\specs\project\GitHub\CamboStationVision\venv\Lib\site-packages\stack_data-0.6.3.dist-info\top_level.txt
21edea5565f8e8d4a0e548fe741b16f7d642afd8dadafa9dbab4232115abe0ec,2,camboai\camboai\docs\specs\project\CamboAI-TraderStation\New folder\frontend\node_modules\regjsgen\LICENSE-MIT.txt
21fa1e994f74e1c4ec7d5768c51b04242ec82e46867d3e7057e013ba32d9a575,3,camboai\camboai\docs\specs\project\GitHub\CamboStationVision\AI_Trade_Section\NarrativePulseComposer\EmotiveSetupLogs.txt
2280860ae00d2ee2f11379b641711dd88a79eea49c0637fb45f4279239fa0cd1,2,camboai\camboai\docs\specs\project\GitHub\CamboStationVision\venv\Lib\site-packages\websocket_client-1.8.0.dist-info\entry_points.txt
22d8b23577fb1532c584d6e99f67cf9dc3af61704ae36503c6fcd05b2dfcb2a1,1,camboai\camboai\docs\specs\TraderStation\New folder\backend\venv\Lib\site-packages\uvicorn-0.15.0.dist-info\entry_points.txt
233d7ab5c32bc4aed6848f647d397007965acdb691c86fe27d17cc3eb60359d1,6,camboai\camboai\docs\specs\project\CamboStation309\john-trading-hub\john-trading-hub\venv\Lib\site-packages\numpy-2.3.1.dist-info\LICENSE.txt
235e993965d399a25e7d493d25c8622f78718510884b9c051f1f1866b6f34e9d,2,camboai\camboai\docs\specs\project\GitHub\CamboStationVision\venv\Lib\site-packages\jedi\third_party\django-stubs\LICENSE.txt
239f03bd61222bc20cb5914d19ede508abec7d95c53d48a8013e53ebcdb8ee2e,1,camboai\camboai\docs\specs\project\CamboStationVision1226\venv\Lib\site-packages\pytz-2025.2.dist-info\LICENSE.txt
242d37e7cab25cbafc36cc973ee88f9345fddf066afe4f72b7ac3d9ad4e24cce,2,camboai\camboai\docs\specs\project\CamboAI-TraderStation\New folder\frontend\node_modules\jsdom\LICENSE.txt
245e1b6f4408a760e41068ce2121c0b21f419d4228da6448b2c15a6a00d8d77f,3,docs\specs\D_project\# 🧠 CamboStationVision — Master Co.txt
24ce42c2fd4a95c1b86bbee9bce1e1cf255bd0022e19bab6bd591afd68b7efdb,1,camboai\camboai\docs\specs\TraderStation\New folder\.venv\Lib\site-packages\passlib\_data\wordsets\bip39.txt
254af02a1e122390e3a275ce1ade9476afdaea8f95ca4b79564b5dcbc85b1ee1,1,camboai\camboai\docs\specs\project\GitHub\CamboStationVision\venv\Lib\site-packages\sklearn\datasets\tests\data\svmlight_invalid.txt
25fee472e5edc2350933038bd10cc02c38365a24a25e21fd4e128c8cdeb80d6d,1,camboai\camboai\docs\specs\TraderStation\New folder\backend\venv\Lib\site-packages\wrapt-1.17.2.dist-info\top_level.txt
2679075771c4d4c72248276694b0b7b05144295f7a238864749ac7d290f67121,6,"docs\specs\D_TraderStation\Absolutely, John. Here's the rewrit.txt"
26f7be3207bd14ebae50ee79fde04acf0e3a831d430f431548b175ccd3940ad8,1,camboai\camboai\docs\specs\project\CamboStation309\CloudSync_ModuleLogs\README.txt
27c6fafb837aadb862dc22a8b2d3ecac0530646b5ab36ccb8e2b77810c8b7244,3,camboai\camboai\docs\specs\project\CamboStation309\AI_Trade_Section\MacroConductor\Rate_Reaction_Model\BiasPulseTrace.txt
27c91102ccdf915d960b5cdb9bdaa664bd1f2680393adba3d024caf0a06d3115,1,camboai\camboai\docs\specs\project\GitHub\CamboStationVision\venv\Lib\site-packages\pdfplumber-0.11.7.dist-info\entry_points.txt
27d06bbb2eb031be8aa376868a2e1f11b6acba938d4cc8e1234b66b9739c54a3,2,camboai\camboai\docs\specs\project\CamboAI-TraderStation\New folder\frontend\node_modules\html-escaper\LICENSE.txt
27ec23f78a4f69d6388a915a6a7ad8065acc6e53927a01184bca3f2dda20ae95,1,camboai\camboai\docs\specs\project\GitHub\CamboStationVision\venv\Lib\site-packages\zstandard-0.23.0.dist-info\top_level.txt
28cbb8bd409fb232eb90f6d235d81d7a44bea552730402453bffe723c345ebe5,7,camboai\camboai\docs\specs\project\CamboStation309\john-trading-hub\john-trading-hub\venv\Lib\site-packages\certifi-2025.6.15.dist-info\top_level.txt
2929b33a5395b6df6edf40ea4824b28c98ad0cb09471cca4dbbb547b8a44198c,6,docs\specs\D_TraderStation\You’re now running a dashboard that.txt
295e9ef50d142d9576117156755c6c82a78c16848cdf187efd4d924dcf7153e3,1,camboai\camboai\docs\specs\project\GitHub\CamboStationVision\venv\Lib\site-packages\pyvis-0.3.2.dist-info\LICENSE_BSD.txt
296fb309dbee9c62b3c18b8f69e8f5307533e81972091886f6e47a46e9fbd910,4,docs\specs\Desktop\direction for  (2).txt
29eef7fec4dc8afb41b76ae425aa0d6225daff32de9e10abf7a1ce54fa5907f1,2,camboai\camboai\docs\specs\project\GitHub\CamboStationVision\venv\Lib\site-packages\parso\python\grammar37.txt
2a33e93bb9b8c98b75f4f08133721de39b53771130eb94b99ade0f270787f54b,1,camboai\camboai\docs\specs\project\CamboStationVision1226\venv\Lib\site-packages\urllib3-2.5.0.dist-info\licenses\LICENSE.txt
2a7e9e423a3cddcb56c5757204c398b74fd8a634630739ca615b8dcae0bf0d22,2,camboai\camboai\docs\specs\project\GitHub\CamboStationVision\venv\Lib\site-packages\decorator-5.2.1.dist-info\top_level.txt
2a7f2f1ead7b21b5ad8f51bd5f308563512e5c54cf9c3ee05fd1705b62929b8e,1,camboai\camboai\docs\specs\project\GitHub\CamboStationVision\venv\Lib\site-packages\scipy\spatial\tests\data\pdist-euclidean-ml.txt
2aad5fc00f705c4a1addb83eed10a6a75d286a3779f0cf8519d87e62bc4735fd,1,camboai\camboai\docs\specs\project\GitHub\CamboStationVision\venv\Lib\site-packages\pyasn1_modules-0.4.2.dist-info\licenses\LICENSE.txt
2baed3d90b68d78c05d567d3e43b52cb75f8ace6449ea308bdc98fa57299c733,1,camboai\camboai\docs\specs\TraderStation\New folder\backend\venv\Lib\site-packages\starlette-0.14.2.dist-info\top_level.txt
2cb8d2f121625d7b8b11c0f604d7457468692967b9a291edbe7eca363f402112,2,camboai\camboai\docs\specs\project\GitHub\CamboStationVision\venv\Lib\site-packages\wcwidth-0.2.13.dist-info\top_level.txt
2d3c5f243e47cf18b49a63338730a0a7475425f96b83a3b976e8fc2d5c5af650,1,camboai\camboai\docs\specs\project\GitHub\CamboStationVision\venv\Lib\site-packages\scipy\spatial\tests\data\cdist-X1.txt
2dc0465729366c3a7890dfa9e972a1ba7048a26c02116fb8b419a6a1ac110149,4,camboai\camboai\docs\specs\project\CamboAI-TraderStation\New folder\frontend\node_modules\@isaacs\cliui\LICENSE.txt
2dc9f255851809e9cb31685be195fa95daa9582bb4d7aadafdc22c30894c4e5b,2,camboai\camboai\docs\specs\TraderStation\env\Lib\site-packages\jupyterlab\static\3257.30af681f0c294efb65f7.js.LICENSE.txt
2def6777f3bb6b8564c9f61f45dd4af50f9d1287caf4be116d7e42625e7e6738,1,camboai\camboai\docs\specs\project\GitHub\CamboStationVision\On Custom Video Creation.txt
2dfa0ccb9d0eea73a682d9b55bc9b83da81d0af09dd193ee037e8dfe82ab2c39,2,camboai\camboai\docs\specs\TraderStation\env\Lib\site-packages\jupyterlab\static\961.29c067b15a524e556eed.js.LICENSE.txt
2e1d240e5c1c31d928e5bd39f9e93b7b059cab37d7d96bbdfafc3900ec7cc9bd,3,camboai\camboai\docs\specs\project\CamboStation309\AI_Trade_Section\Strategic_Insight_Module\CouncilAlignmentMap.txt
2e71ab0c89c18acbffcb5d075c7279a02b4ee32aca81e132f28e1ad2651a2dd1,1,camboai\camboai\docs\specs\TraderStation\env\Lib\site-packages\rfc3986_validator-0.1.1.dist-info\top_level.txt
2ee8d5048282ebdb6fc2cd57920c8e1510e310477e1354a3022ad8ae111baa7f,1,camboai\camboai\docs\specs\TraderStation\New folder\.venv\Lib\site-packages\dateparser-1.2.2.dist-info\top_level.txt
2eed14e41800de854f37c24a4ea7863af49bcd737ad076da7cf2e34cdad0add2,1,"camboai\camboai\docs\specs\project\GitHub\CamboStationVision\Absolutely, John — I’ve carefully r.txt"
2ef0590eb145675038dae80584b3a3d08790bbdf53264a372ef9b48273397853,1,camboai\camboai\docs\specs\project\CamboStationVision1226\venv\Lib\site-packages\numpy-2.3.1.dist-info\entry_points.txt
2f79a20c0dce8eb8965dc5db27ee74ce6e748239e6f0ed94b638cd1092666b15,6,docs\specs\D_TraderStation\Charting Systems Module (Toggle-Bas.txt
305572c027b87c2b5eec7ac7695a4bfa39c35a17bd7a2f7393246f4545d053ee,2,camboai\camboai\docs\specs\TraderStation\env\Lib\site-packages\jupyterlab\static\7990.01eaa552261b6e12a74a.js.LICENSE.txt
30c23618679108f3e8ea1d2a658c7ca417bdfc891c98ef1a89fa4ff0c9828654,4,camboai\camboai\docs\specs\TraderStation\env\Lib\site-packages\setuptools\_vendor\wheel-0.45.1.dist-info\LICENSE.txt
30ee90a82d3146b37aec687dc54fe732669dc015656333cd92afe1e2062ecda4,6,camboai\camboai\docs\specs\project\CamboStation309\john-trading-hub\john-trading-hub\venv\Lib\site-packages\tzdata-2025.2.dist-info\top_level.txt
30f7de9ee227fb3cb02b7fa2ddb6fd8a12fc605563dae7d90d1e0ba04a41fa72,2,camboai\camboai\docs\specs\project\CamboAI-TraderStation\New folder\frontend\node_modules\exit\test\fixtures\1000-stdout.txt
3186db33a24662e6e02234e070ba4d219a5cd0f59b8bd991016ed586d733952f,1,camboai\camboai\docs\specs\project\GitHub\CamboStationVision\venv\Lib\site-packages\build-1.2.2.post1.dist-info\entry_points.txt
320b8dc52e80ae89e76a5b5b246cb5c27423483363d82479b9c59c784ad1b6fe,1,camboai\camboai\docs\specs\project\GitHub\CamboStationVision\venv\Lib\site-packages\pyarrow-21.0.0.dist-info\LICENSE.txt
32c05c7c9c8c535e655b579fbb9c3b4f377831e9eb6078ae6a2c5b1cc7c0a1ca,1,camboai\camboai\docs\specs\project\GitHub\CamboStationVision\venv\Lib\site-packages\torch-2.7.1.dist-info\top_level.txt
331ea9090db0c9f6f597bd9840fd5b171830f6e0b3ba1cb24dfa91f0c95aedc1,4,camboai\camboai\docs\specs\project\CamboStation309\john-trading-hub\john-trading-hub\venv\Lib\site-packages\tornado\test\static\robots.txt
33956869cf70ecaecf83b722d8d01e5252e9915ae6f86f07528114e62c93bb23,2,camboai\camboai\docs\specs\project\CamboAI-TraderStation\New folder\frontend\node_modules\needle\license.txt
341510019f0c4cf1a1cde288e3da02fe3f33c2653121a9d6e495783f3cce0bce,1,camboai\camboai\docs\specs\project\CamboStationVision1226\venv\Lib\site-packages\ta_lib-0.6.4.dist-info\top_level.txt
3424f34186d417d6e1c284f3f895b39f02dcc5c503bbb3e670fba4ee9f7f9c98,1,camboai\camboai\docs\specs\TraderStation\env\Lib\site-packages\debugpy\_vendored\pydevd\pydevd_attach_to_process\README.txt
34b89424d7e673d02dd79b3b254462c2fa8c123522f46e4f30646b98c6333523,2,camboai\camboai\docs\specs\project\GitHub\CamboStationVision\venv\Lib\site-packages\tqdm-4.67.1.dist-info\top_level.txt
3525b361643e12a9c6c0b7f6ee2d447c171ecb21af1245a24c9f7d3cb4382e8b,1,camboai\camboai\docs\specs\project\CamboStationVision1226\venv\Lib\site-packages\colorama-0.4.6.dist-info\licenses\LICENSE.txt
3630fdf3cc2a68aab9d769ec84d74bb7eb83c6c8e4a78061e759ba37e76152b9,1,camboai\camboai\docs\specs\TraderStation\New folder\.venv\Lib\site-packages\lxml-6.0.0.dist-info\top_level.txt
365496ca1f56da40b23c9815fc40fa9005847b2f8f8fd1c1a4929ef25ec8cd1d,4,camboai\camboai\docs\specs\project\CamboAI-TraderStation\New folder\frontend\node_modules\test-exclude\LICENSE.txt
36595f9d614f1bf089185cbecc18e0f9adeedc4e7adbbe083b1512681b9009b7,1,camboai\camboai\docs\specs\project\CamboStationVision1226\venv\Lib\site-packages\charset_normalizer-3.4.2.dist-info\top_level.txt
36cad3e94b178ced7513863967d312ff4b16aad30b4dcdf4d73d4dd3d940f9dd,1,camboai\camboai\docs\specs\project\CamboAgent\Logs\install_log.txt
36ddb4d0a745a93ab203203d7190814b1b89727d254caff48c7a7afbbd47000b,1,camboai\camboai\docs\specs\project\GitHub\CamboStationVision\venv\Lib\site-packages\appdirs-1.4.4.dist-info\LICENSE.txt
36ecca49e4fa20ca84b176c32f2e9c82f98f446585190e75f9879a95c08247bf,1,camboai\camboai\docs\specs\TraderStation\New folder\.venv\Lib\site-packages\passlib\_data\wordsets\eff_short.txt
37149d877863509809ef767a14deb425629de0b977d08cb59e5228340bd81885,2,camboai\camboai\docs\specs\project\GitHub\CamboStationVision\venv\Lib\site-packages\matplotlib_inline-0.1.7.dist-info\entry_points.txt
37cdb53c1eba9dfd33df5750f3bbcb812935f5c7989d9386cb7372530f8fd52e,1,camboai\camboai\docs\specs\project\CamboStation309\AI_Trade_Section\SectorVolSnap\SurgeTriggerMatrix.txt
37db5bb85926db28a427a25867f10b1232003aea1be69ccb851138adb8e6f361,4,camboai\camboai\docs\specs\project\GitHub\CamboStationVision\venv\Lib\site-packages\h11-0.16.0.dist-info\licenses\LICENSE.txt
37fedcffbf73c4eb9f058f47677cb33203a436ff9390e4d38a8e01c9dad28e0b,2,camboai\camboai\docs\specs\TraderStation\env\Lib\site-packages\setuptools\_vendor\jaraco\text\Lorem ipsum.txt
384def67c0e487a58207e5502794fb115d83f6ae493d17833fb9eba2d159ae94,3,camboai\camboai\docs\specs\project\GitHub\CamboStationVision\AI_Trade_Section\MacroConductor\Rate_Reaction_Model\BiasPulseTrace.txt
3862e216cc2e2c9116e443d828e7a86aeb8224512d55aea3cb3044d4e70923df,1,camboai\camboai\docs\specs\TraderStation\New folder\.venv\Lib\site-packages\lxml\isoschematron\resources\xsl\iso-schematron-xslt1\readme.txt
389088836e55ffca0b2613752be4f1c9ab4e7a1c79f4b28a3c4ca9c3734332ca,3,camboai\camboai\docs\specs\project\GitHub\CamboStationVision\AI_Trade_Section\Strategic_Insight_Module\CouncilAlignmentMap.txt
38bf39818535783f1cb8f9629227c59e05e97818dac65eab209f0a902ff7afe2,4,camboai\camboai\docs\specs\project\CamboStation309\john-trading-hub\john-trading-hub\venv\Lib\site-packages\jinja2-3.1.6.dist-info\entry_points.txt
38c01e7ecce575ee99a0eb65337e405b3a5122bc2d72a00c1c69518adfb0dbee,1,camboai\camboai\docs\specs\TraderStation\New folder\backend\venv\Lib\site-packages\redis-4.0.2.dist-info\top_level.txt
38f558c80ad1a029928c2dc373d4ad472ecb6c1a99365ea2e4ff7366a01f10fe,1,camboai\camboai\docs\specs\project\GitHub\CamboStationVision\venv\Lib\site-packages\vaderSentiment-3.3.2.dist-info\top_level.txt
3952ca3443ecf90ec85b2a5604be9fc6fe7aff3b78b119c423bcdac28eb2ff4c,7,camboai\camboai\docs\specs\project\CamboStation309\john-trading-hub\john-trading-hub\venv\Lib\site-packages\pandas-2.3.0.dist-info\entry_points.txt
395751ec690f1996a4a3cb11b55b8cd0d8acf99204971de17b784a14f6274c68,3,camboai\camboai\docs\specs\project\CamboStation309\john-trading-hub\john-trading-hub\venv\Lib\site-packages\watchdog-6.0.0.dist-info\top_level.txt
39c9ac28949b8bf798eb995de748806ada1d4b3c3637115f0c92031f1d253a94,1,camboai\camboai\docs\specs\project\GitHub\CamboStationVision\venv\Lib\site-packages\scipy\spatial\tests\data\random-double-data.txt
3a13d179562a86c5f6456c95af271add150672f2dbf91d5d71bc1d6e03c8bc12,2,camboai\camboai\docs\specs\project\GitHub\CamboStationVision\venv\Lib\site-packages\parso\python\grammar38.txt
3aa8c7c2ba860709b0b1f4de3767c8d44162592a4e03a665658c0dd76d58b35a,1,camboai\camboai\docs\specs\project\GitHub\CamboStationVision\venv\Lib\site-packages\scipy\spatial\tests\data\pdist-hamming-ml.txt
3b49dcee4105eb37bac10faf1be260408fe85d252b8e9df2e0979fc1e094437b,4,camboai\camboai\docs\specs\project\CamboStation309\john-trading-hub\john-trading-hub\venv\Lib\site-packages\jinja2-3.1.6.dist-info\licenses\LICENSE.txt
3bbc5a44dc8c07afa91f8cf96e10b8eae3b58d2638fc4b281857c82ba1b06361,4,camboai\camboai\docs\specs\project\CamboStation309\john-trading-hub\john-trading-hub\venv\Lib\site-packages\plotly-6.2.0.dist-info\top_level.txt
3ca8ef1ed342059f441d399dda6c09d49fe4de3d05e83d654c5cc87091453c45,2,camboai\camboai\docs\specs\project\GitHub\CamboStationVision\venv\Lib\site-packages\ipython-9.4.0.dist-info\top_level.txt
3cf7c3a179d817b23b8b8568211769fefdf93797d207d984b8b2fa24d0220b33,1,camboai\camboai\docs\specs\project\GitHub\CamboStationVision\venv\Lib\site-packages\networkx-3.5.dist-info\licenses\LICENSE.txt
3d220c06594b826bbabf110312f60f385f99e57e529fa4b9e536f79091f8b4c7,2,camboai\camboai\docs\specs\project\GitHub\CamboStationVision\venv\Lib\site-packages\regex-2024.11.6.dist-info\LICENSE.txt
3d33c3aa0c2325def9e30a0edd5d50b941ab06cb40f2cbd78ffc804856c6afa9,1,camboai\camboai\docs\specs\TraderStation\env\Lib\site-packages\isapi\samples\README.txt
3dd541ff7d0ee421cbf66b3c2910759058acc29f5279df02579e34590bcd6897,1,camboai\camboai\docs\specs\project\GitHub\CamboStationVision\venv\Lib\site-packages\scipy\spatial\tests\data\pdist-correlation-ml-iris.txt
3ddf9be5c28fe27dad143a5dc76eea25222ad1dd68934a047064e56ed2fa40c5,1,camboai\camboai\docs\specs\TraderStation\env\Lib\site-packages\pyzmq-27.0.0.dist-info\licenses\licenses\LICENSE.tornado.txt
3e2adf8ab0d8e24756ce62d02286f20f0fcf8e5e188b26283bb7c00a7a3f1bbf,1,camboai\camboai\docs\specs\project\CamboStationVision1226\venv\Lib\site-packages\cachetools-6.1.0.dist-info\top_level.txt
3e7ea5f8d2514ca2e98e2eaf2bab4c39575654caf946d18b5a6abb02b84381c8,3,camboai\camboai\docs\specs\project\CamboStation309\AI_Trade_Section\AutoScanner\Setup_Log_Archive\RecentSetups.txt
3ec11009ddaa10c557ac773faa361e195ca0a5c96b5efef5acf7b171278d86e5,6,docs\specs\D_TraderStation\ai agent.txt
3ed00c3c01e52974c8b35417d6e590a0857acaffd958876f98da316b2fd5b698,1,camboai\camboai\docs\specs\project\GitHub\CamboStationVision\venv\Lib\site-packages\pypdfium2-4.30.1.dist-info\top_level.txt
3f42eca19e398012fb7242f896a42deed75bac70f8c6555885f7e684779e4ff5,2,camboai\camboai\docs\specs\project\GitHub\CamboStationVision\venv\Lib\site-packages\joblib-1.5.1.dist-info\top_level.txt
3f51f5d4eee42e472503c73c071fc9c8817a61831e75a4160c7ac0606d8d7dba,1,camboai\camboai\docs\specs\project\GitHub\CamboStationVision\venv\Lib\site-packages\crewai-0.148.0.dist-info\entry_points.txt
402ca0e942bd4f660e7e8d46e296f5a53ab071768a7f46ccc2190490baa925c7,3,camboai\camboai\docs\specs\project\CamboStation309\john-trading-hub\john-trading-hub\venv\Lib\site-packages\pydeck-0.9.1.dist-info\LICENSE.txt
4061daf74179d2954a856485944448d23b522ada83886c9f7995fb750359000c,1,camboai\camboai\docs\specs\TraderStation\env\Lib\site-packages\defusedxml-0.7.1.dist-info\top_level.txt
40a3f55eb3067e3b538a907acabe110b2b171ca3de61c93009ea98626d040099,1,camboai\camboai\docs\specs\TraderStation\env\Lib\site-packages\fqdn-1.5.1.dist-info\top_level.txt
40fc1cf243a36da6b125dc905e28b1f6c19b5230bf1bf19ae4b809ff5d4a280b,1,camboai\camboai\docs\specs\TraderStation\New folder\.venv\Lib\site-packages\dateparser-1.2.2.dist-info\entry_points.txt
411eaf6563f9db4c1a1139e4a2d0293d03f2561f559e3a183e80151cb2b50eb1,1,camboai\camboai\docs\specs\TraderStation\New folder\.venv\Lib\site-packages\tzlocal-5.3.1.dist-info\top_level.txt
41383bcc95edb8138d37077ae54bfdcbd2a3b77bf745a8529a9c161146e22303,1,camboai\camboai\docs\specs\TraderStation\env\Lib\site-packages\isapi\README.txt
4167d428b1ea276385bf978efb5efa4c60a456404c49a62418d77506d2854899,1,camboai\camboai\docs\specs\project\CamboAI_Dev\setup_log.txt
4196bf21a475f107eba07f0d75259e9c3ce3a838c5099be8493de4449f0cd217,1,camboai\camboai\docs\specs\TraderStation\env\Lib\site-packages\win32com\test\readme.txt
419896aea50c15d6e40c5b4baf4bd346f78223b9a354c7357ad00262afdc08ec,1,camboai\camboai\docs\specs\project\GitHub\CamboStationVision\venv\Lib\site-packages\pypdfium2-4.30.1.dist-info\CC-BY-4.0.txt
420952322597f3fe5da685401081dd118cefa8531d4985a60a3ead630d884e44,4,camboai\camboai\docs\specs\project\GitHub\CamboStationVision\venv\Lib\site-packages\anyio-4.9.0.dist-info\top_level.txt
42612911c1872c5e4b43f6ae0e8ee59467cd350332241cf72ce90640264fae6a,2,camboai\camboai\docs\specs\project\GitHub\CamboStationVision\venv\Lib\site-packages\joblib-1.5.1.dist-info\licenses\LICENSE.txt
4305da1ea25c27fce08bd14001b76fd54fe42a0724bbd5168c76680a56eda5be,8,camboai\camboai\docs\specs\project\GitHub\CamboStationVision\venv\Lib\site-packages\parso\python\grammar310.txt
43964d976a6db3fb986af689d05f8ca0e9971878bccae709750dac8fdc4a99cf,1,camboai\camboai\docs\specs\TraderStation\env\Lib\site-packages\pyzmq-27.0.0.dist-info\licenses\licenses\LICENSE.libsodium.txt
43f39ccca1ae8a1ba2a0bf41fe813775340ce04f2f4bd75da482823070c00def,1,camboai\camboai\docs\specs\project\GitHub\CamboStationVision\venv\Lib\site-packages\sklearn\datasets\images\README.txt
44e9462e9525ecde3c20eb93a85d9a8f597a2575e432e89f9d420c9b5730799a,1,camboai\camboai\docs\specs\project\GitHub\CamboStationVision\venv\Lib\site-packages\langsmith-0.4.8.dist-info\entry_points.txt
44fe431cdc896ccab691ad0599f4e0a12690ce1ededebe57b825823bc6b4d24f,2,camboai\camboai\docs\specs\project\GitHub\CamboStationVision\venv\Lib\site-packages\PyJWT-2.10.1.dist-info\top_level.txt
45b0aee91d88150cfaa0e7756faf320432a05b33d1fddcdce21f81657dd6c882,2,camboai\camboai\docs\specs\project\CamboAI-TraderStation\New folder\frontend\node_modules\html-encoding-sniffer\LICENSE.txt
45e2421fb522dd9ca1e8cd7a1383a1b19d6853b5ad31709f6eda3206118edbd6,2,camboai\camboai\docs\specs\project\GitHub\CamboStationVision\venv\Lib\site-packages\tqdm-4.67.1.dist-info\entry_points.txt
4631ec0db5fd90a547e336817264c6798214338146f8ac94b4a57f96ee8c9ec4,5,camboai\camboai\docs\specs\project\CamboStation309\john-trading-hub\john-trading-hub\venv\Lib\site-packages\MarkupSafe-3.0.2.dist-info\LICENSE.txt
46aeb0e4314819ed92a52de6c8fd63d541470563379b1f2567731fd2b3fd532d,2,docs\specs\Desktop\New Text Document (3).txt
46c26d7ab04d4932503f22ae0aa4e382c7cb9f98097aa7b663420c6335431b92,1,camboai\camboai\docs\specs\project\GitHub\CamboStationVision\logs\BiasLedger.txt
477de38142d0a7a7e544e06f4774d5bf64c14a13dbfe66fe4bbb2edd99257a6b,1,camboai\camboai\docs\specs\project\GitHub\CamboStationVision\logs\meta_log.txt
48155bbd1c9e04413103c1e4b4701879cb8b0ed6161b452f285324241e4bf7df,1,camboai\camboai\docs\specs\project\PatternPy\requirements.txt
4830a0bbc85794105c8cf3f2513f92296db4fc83363315bef7984a15a448ab22,2,camboai\camboai\docs\specs\project\GitHub\CamboStationVision\venv\Lib\site-packages\parso-0.8.4.dist-info\AUTHORS.txt
483acb265f182907d1caf6cff9c16c96f31325ed23792832cc5d8b12d5f88c8a,38,camboai\camboai\docs\specs\project\CamboAI-TraderStation\frontend\cambo-ui\node_modules\punycode\LICENSE-MIT.txt
48ae92ccc89cc14b418b050e9afe4fd5956cd21fb1a9ecba3e7469b14186c797,1,camboai\camboai\docs\specs\TraderStation\New folder\.venv\Lib\site-packages\nltk-3.6.3.dist-info\entry_points.txt
49349c63dd1280d54b6c55d4573c672374bacc380ec192b4904852df083ace34,2,camboai\camboai\docs\specs\project\CamboAI-TraderStation\New folder\frontend\node_modules\plotly.js\dist\plotly-gl2d.min.js.LICENSE.txt
4995ce7299a01090c589422bd8085d307759bfcfe1619448a6f8ccc8f07cb492,3,camboai\camboai\docs\specs\project\GitHub\CamboStationVision\AI_Trade_Section\MythForge\Poetic_Streams\ConvictionRise.txt
4a9faf2c9a26e0f4658467d8e91a54adeed28d89b7dc936af4d0b0086796f9f4,1,camboai\camboai\docs\specs\project\GitHub\CamboStationVision\venv\Lib\site-packages\sympy-1.14.0.dist-info\entry_points.txt
4aa363f54efbc8e9f965fe098ba0aa2fcf83d9e360fc5ef5187a3c57c48c574e,2,camboai\camboai\docs\specs\project\GitHub\CamboStationVision\venv\Lib\site-packages\jedi-0.19.2.dist-info\top_level.txt
4aa7d8d2a75c9dbe547c436ae9c08722f4cd17272c48cf296ed9bd664c12c84a,1,camboai\camboai\docs\specs\project\GitHub\CamboStationVision\venv\Lib\site-packages\litellm\proxy\_experimental\out\index.txt
4aa85fa6ffe1c4d6c4205733a9fad8a48b87398930acd6fc2ecaba8f3373abfd,3,camboai\camboai\docs\specs\project\GitHub\CamboStationVision\AI_Trade_Section\MacroConductor\Council_Tone_Grid\GlobalTensionMatrix.txt
4ac48f4117809f2734066150450f120b3bb110ac1d3b32170795e0560dbbc1f5,1,camboai\camboai\docs\specs\project\GitHub\CamboStationVision\venv\Lib\site-packages\humanfriendly-10.0.dist-info\LICENSE.txt
4b2ecaf6e99f3d16b2360e588ff58ff3932e3af1b3e1f1a5bbc00251d9f4cdc3,4,camboai\camboai\docs\specs\project\CamboStation309\john-trading-hub\john-trading-hub\venv\Lib\site-packages\pyarrow-20.0.0.dist-info\LICENSE.txt
4c538bb9931a306884ced11d3c2322877874040b2bc0cbb0d4ff8f0c5f9bdd07,1,camboai\camboai\docs\specs\project\CamboAgent\Logs\dashboard_launch_log.txt
4dbdaaf2229b3ef525c4efe7d6905f6245afbb5cff2ee05cc055c221166004e8,1,camboai\camboai\docs\specs\project\GitHub\CamboStationVision\venv\Lib\site-packages\scipy\spatial\tests\data\cdist-X2.txt
4e610de52ff726f4930e7b75eb73bbdf745ce53a05b29158d4e0b32e5a5c6296,6,camboai\camboai\docs\specs\project\CamboStation309\AI_Trade_Section\Diagnostics\FolderMap.txt
4e6ded986a4c9cb580be3af13914b613923a2c045a2dea4e1148c6693985b998,1,camboai\camboai\docs\specs\project\GitHub\CamboStationVision\venv\Lib\site-packages\pybase64-1.4.1.dist-info\top_level.txt
4e96298409ac1f87700b337854f82b92a53271ce4a66515a91a47f679ca83a6f,2,docs\specs\Desktop\check list CORE MODULES.txt
4f356c88b0a9a522d0b584e4f512b4362cd19f576b432032a6955b5fd6f59291,2,"docs\specs\Desktop\John Lim, 55m ago.txt"
4f78063c6c0757df950aa3440cef9a2a6bd1c552c994c32237c3acc283e72ee6,2,camboai\camboai\docs\specs\project\CamboAI-TraderStation\New folder\frontend\node_modules\maplibre-gl\node_modules\@mapbox\tiny-sdf\LICENSE.txt
4f8563870d0fca38bbc3e00b6f670cb7fa9f380ba9f26a7f7d1184a6b18b1653,2,camboai\camboai\docs\specs\project\CamboAI-TraderStation\New folder\frontend\node_modules\axe-core\LICENSE-3RD-PARTY.txt
4fbaa64ab1087ace03771b9bc36b7e02bfd810367b3f4bf8f8ca792f6786fda3,1,camboai\camboai\docs\specs\project\CamboStationVision1226\venv\Lib\site-packages\plotly-6.2.0.dist-info\top_level.txt
4fccf68dae1bca9e25ccfe51323b4151669a83700bc1eb23740a6e2793b8352d,2,camboai\camboai\docs\specs\project\CamboAI-TraderStation\New folder\frontend\node_modules\domexception\LICENSE.txt
4fcd65edf1d0de9965a50e3052d40ae9af20fe9eb0c506e78ca5470a4d96306e,1,camboai\camboai\docs\specs\project\GitHub\CamboStationVision\venv\Lib\site-packages\markdown_it_py-3.0.0.dist-info\entry_points.txt
5159bdd2f7915aba87c3e8d6785a0d7f42259f69b4906196201565becd7756f0,1,camboai\camboai\docs\specs\project\GitHub\CamboStationVision\venv\Lib\site-packages\pypdfium2-4.30.1.dist-info\entry_points.txt
5175562c0f32b3a1dea93cfaadf29eb28714aba967f992fc9a1642fdcab90447,1,camboai\camboai\docs\specs\project\GitHub\CamboStationVision\venv\Lib\site-packages\flatbuffers-25.2.10.dist-info\top_level.txt
527c6be3edd3124d9a2ce976f9ac8c0c2250eba6c780466cdf477a686e580822,2,camboai\camboai\docs\specs\project\CamboAI-TraderStation\New folder\frontend\node_modules\whatwg-encoding\LICENSE.txt
52852809428c438102461dadf20afbf56cc0c1a8a4750abdd3447ec30c47f392,3,camboai\camboai\docs\specs\project\CamboStation309\AI_Trade_Section\SymbolArcBay\SymbolMythStream.txt
52e55f96804608a3482311e0ddf368009048fd1d487dc61539f1dde13f364d48,1,camboai\camboai\docs\specs\project\CamboStationVision\UnifiedModules\glyph_blueprint.txt
53596875ff351d86ca5772c8dbe640c7906a5194640deb02f37c9aa3852a4326,2,camboai\camboai\docs\specs\project\CamboAI-TraderStation\New folder\frontend\build\static\js\main.4bd577d0.js.LICENSE.txt
537f7303ceda33f38826110abc780bd5163596130965cd588f70c62f06cf6c5d,7,camboai\camboai\docs\specs\project\CamboStation309\john-trading-hub\john-trading-hub\venv\Lib\site-packages\numpy\ma\API_CHANGES.txt
5433a2a9ad32c42a295008dcb215d7335274fe376463e1bbe4568dc14afcb0ec,2,camboai\camboai\docs\specs\TraderStation\New folder\.venv\Lib\site-packages\pydantic-1.10.22.dist-info\entry_points.txt
543817ab1def527dbaaf511915c4a4fabab5fb079fd965457280562c6f33beba,1,camboai\camboai\docs\specs\project\GitHub\CamboStationVision\venv\Lib\site-packages\scipy\spatial\tests\data\pdist-correlation-ml.txt
5455a5a52f720ce4c8d57a40184fc64599f6f12d9fc6fba869f87588fdbcacc2,2,camboai\camboai\docs\specs\project\CamboStationVision\CambostationCorevenvLibsite-package.txt
556326ccbda33ffbe10f34c1858b591fbf9504a245a5a7d144eade7c37a89162,1,camboai\camboai\docs\specs\project\GitHub\CamboStationVision\venv\Lib\site-packages\scipy\spatial\tests\data\pdist-euclidean-ml-iris.txt
5575eeea7b83971ed81729048e24b8f5a56b902ab2e1bd43ed031a502eb84759,2,camboai\camboai\docs\specs\project\CamboAI-TraderStation\New folder\frontend\node_modules\mkdirp\bin\usage.txt
557778495098fe4bc17cd171390c6316f51330d1c49bcf275fb92c7c5b596ab9,1,camboai\camboai\docs\specs\project\GitHub\CamboStationVision\venv\Lib\site-packages\pdfminer_six-20250506.dist-info\top_level.txt
55c57b834f9c39c7367173029cd19177efed7a60f3333c31cc1b00fbca5f78cf,2,docs\specs\Desktop\ai modular checklist.txt
564d63dbef2ef3eb1dec94908966d3edf5f11c487ee2cf2baf8bf3faef01bdd9,1,camboai\camboai\docs\specs\project\GitHub\CamboStationVision\venv\Lib\site-packages\scipy-1.16.0.dist-info\LICENSE.txt
569482e4c2735d529d28f05e042a0cd6bbd86beb18170bc844ff73983f9d19f5,1,camboai\camboai\docs\specs\project\GitHub\CamboStationVision\venv\Lib\site-packages\backtrader-1.9.78.123.dist-info\top_level.txt
572845bc271d29aeb043a1fbf63c96501f5f34fb993b686ab0a71f93217d5500,1,camboai\camboai\docs\specs\project\GitHub\CamboStationVision\logs\MentorDeck.txt
57716129b9bb1b62e7474b384b2b5abeb8c83cd221bdcb001977d81c0c2d433c,4,camboai\camboai\docs\specs\project\CamboStation309\john-trading-hub\john-trading-hub\venv\Lib\site-packages\streamlit-1.46.1.dist-info\top_level.txt
5779cd6e63253f0854ad87c10d9b7968f4d39d4e190eeb9a24323c33fc5040f6,2,camboai\camboai\docs\specs\project\CamboAI-TraderStation\New folder\frontend\node_modules\exit\test\fixtures\1000-stdout-stderr.txt
586f3dddf426fd3c9ec5428c5fab16413b8a934bc90970abbb8b0a8c376a6140,1,camboai\camboai\docs\specs\project\CamboStationVision1226\venv\Lib\site-packages\setuptools-65.5.0.dist-info\top_level.txt
588746cde691397ff123d846ab207787828a5ca18a5365e65755e9859588ac3f,1,camboai\camboai\docs\specs\TraderStation\New folder\.venv\Lib\site-packages\python_jose-3.3.0.dist-info\top_level.txt
58d9fe6db52bbe2b41ced67a21921869e92100e50f3cafd1db873a2ebd20fc64,3,camboai\camboai\docs\specs\project\GitHub\CamboStationVision\AI_Trade_Section\CouncilPersonaSync\PersonaTraitFrame.txt
58e3d0bee8d6cd450c2182b2f042340b967f0c2e3631a850a8fdb4fe82faec1f,1,camboai\camboai\docs\specs\project\GitHub\CamboStationVision\venv\Lib\site-packages\opentelemetry_exporter_otlp_proto_http-1.35.0.dist-info\entry_points.txt
59143c7fb905509f6d6d4140afc16c1d40461409110d07b8b84da425a9255e8a,1,camboai\camboai\docs\specs\project\CamboStation309\AI_Trade_Section\SectorVolSnap\SectorRotationResonance.txt
597620fee0947459714033d48658b71c56a1dfb6cd34541f5cb7730aab1a7062,1,camboai\camboai\docs\specs\TraderStation\env\Lib\site-packages\lark-1.2.2.dist-info\entry_points.txt
59adc79d4db9b861fcc5bc361a2590abb37c064dadd1a2b657202be92ad61627,1,camboai\camboai\docs\specs\project\CamboStationVision1226\venv\Lib\site-packages\tenacity-9.1.2.dist-info\top_level.txt
59bbc9be054c0387e5fd90f39ff3eed05d634c0076fbce36585049758c7d15b8,1,camboai\camboai\docs\specs\TraderStation\env\Lib\site-packages\adodbapi\readme.txt
59fddd56685a9fc104622280b2b80de5634c980987f6ff4d8c9a4ee3145d98f1,1,camboai\camboai\docs\specs\project\GitHub\CamboStationVision\venv\Lib\site-packages\scipy\spatial\tests\data\pdist-cityblock-ml-iris.txt
5aac75d8e26555c2f8ed18aeee3b65820913754ea31a64c7836a83846d9b60f8,3,camboai\camboai\docs\specs\project\GitHub\CamboStationVision\AI_Trade_Section\Short_Squeeze\Intel_Scoreboard\SentimentHeatmap.txt
5ac6f4b3b211f21d66993e3597cdc62a57185f2dd02a26c2c11b664b8965bb73,1,camboai\camboai\docs\specs\project\CamboStationVision1226\venv\Lib\site-packages\tzdata-2025.2.dist-info\top_level.txt
5b2449cf1bc8bf9f1ccaf4f27b602c573e742f0d210f151806e087d6b51bfed8,1,camboai\camboai\docs\specs\TraderStation\env\Lib\site-packages\argon2_cffi_bindings-25.1.0.dist-info\top_level.txt
5b3067c2524134ac8c6096716fc008688d6f44e2d4019b0d00b4dfa073c1ea52,2,camboai\camboai\docs\specs\project\GitHub\CamboStationVision\AI_Trade_Section\SectorVolSnap\CouncilSectorBridge.txt
5b9eab8f733248e646b146a64e73eae0beddf1fca308316478e9702174b9aa25,1,camboai\camboai\docs\specs\project\CamboStationVision1226\venv\Lib\site-packages\six-1.17.0.dist-info\top_level.txt
5c1abaae845c382e80e15b567e62b033cd8c972a6e1eb969834193e88f9200a4,1,camboai\camboai\docs\specs\TraderStation\env\Lib\site-packages\pywin32-311.dist-info\entry_points.txt
5c45fa087a6c9129af8c9078b4fea6e10e4d6178487ffd1c78c7343cd6f324f4,1,camboai\camboai\docs\specs\TraderStation\env\Lib\site-packages\bleach\_vendor\html5lib-1.1.dist-info\top_level.txt
5c476fcb88a01c7aeadaa34734c1e795f3ba5d240a36a3b22c76e5e907297c02,2,camboai\camboai\docs\specs\TraderStation\env\Lib\site-packages\pkg_resources\api_tests.txt
5ea2f23c7f00c3006bacf267183e816d8d4b6dc95ea57a4ddb0ff81de6d8719e,1,camboai\camboai\docs\specs\TraderStation\env\Lib\site-packages\adodbapi\license.txt
601f81e753f0b0b47cf6ec27fc4e285709069c1c8ec79e1c1b13daf09ef41668,1,camboai\camboai\docs\specs\project\CamboStationVision1226\venv\Lib\site-packages\jinja2-3.1.6.dist-info\entry_points.txt
604fd9d9beadc7b554065555676d462c741252e4e5e60129640ae8c8d68a9ce9,3,camboai\camboai\docs\specs\project\CamboStation\DISCLAIMER.txt
60aabd9e8b193c6657506e5baa3f1d841987f0ad1f0ee4d0db6f910a9de0c0b9,2,docs\specs\Desktop\CamboProcessLog_20250805_213423.txt
60ed770728aa59eb9ab3d5742400cb5004591547bf73053fef099336fc41610f,1,camboai\camboai\docs\specs\project\GitHub\CamboStationVision\venv\Lib\site-packages\typer-0.16.0.dist-info\entry_points.txt
6129d1b024683bad491a53f9ee8f2228beab74b5835ae8b2283f1e929594b037,2,camboai\camboai\docs\specs\project\GitHub\CamboStationVision\venv\Lib\site-packages\greenlet-3.2.3.dist-info\top_level.txt
62320deda04a30e631ca39b908ae997f52e0f6e8afccb81e1f3875a21ac3bca6,1,camboai\camboai\docs\specs\project\GitHub\CamboStationVision\venv\Lib\site-packages\pdfplumber-0.11.7.dist-info\top_level.txt
62764ff041b9b5e016eb46319204473027316e8fadd8949d3f68b2595914a0c3,6,docs\specs\D_TraderStation\Project CamboStation™ - Ultimate AI.txt
62843e9b0a9c9264efd5092d9a59396256fa9431bbee3839ab0a0407b73ea57a,1,camboai\camboai\docs\specs\TraderStation\New folder\.venv\Lib\site-packages\nltk-3.6.3.dist-info\top_level.txt
62cc35f7aff143f029c0a89a07b39767e815be1be1147f30519030ec47da713b,1,camboai\camboai\docs\specs\project\GitHub\CamboStationVision\venv\Lib\site-packages\scipy\spatial\tests\data\pdist-chebyshev-ml-iris.txt
6330c54d8a5e627c2998e0c315383229934a59c7dd3b5d0be44c7f53a9092d17,3,camboai\camboai\docs\specs\project\CamboStation309\john-trading-hub\john-trading-hub\venv\Lib\site-packages\pip-25.1.1.dist-info\licenses\AUTHORS.txt
634300a669d49aeae65b12c6c48c924c51a4cdf3d1ff086dc3456dc8bcaa2104,6,camboai\camboai\docs\specs\project\CamboStation309\john-trading-hub\john-trading-hub\venv\Lib\site-packages\pip-25.1.1.dist-info\licenses\LICENSE.txt
6360abd4fdc4f18b7b92acef573e309d3bc3d47dfe0550f814e915a8720605f7,1,camboai\camboai\docs\specs\TraderStation\env\Lib\site-packages\babel-2.17.0.dist-info\entry_points.txt
638730818145fe053cdb8e05b6651fc6da82f6d6412d569c06e18b5e479b56a9,6,camboai\camboai\docs\specs\project\CamboStation309\AI_Trade_Section\MacroConductor\Persona_Operative_Channel\Cipher.txt
64370deb0412617c71d32f68ba4828e3f9d38d300aeaa0942da33fe8cc2db62e,1,camboai\camboai\docs\specs\TraderStation\env\Lib\site-packages\ta_lib-0.6.4.dist-info\top_level.txt
648f89f9f453977f9ad8af2b1f06fb313c49b9b73a33f485ab5b436975a04186,1,camboai\camboai\docs\specs\project\CamboStationVision1226\venv\Lib\site-packages\jinja2-3.1.6.dist-info\licenses\LICENSE.txt
65028375ad93e5c9cc11b21b7e0b1ce266ae4bcec482330d31fc6bfa0229c0a7,2,camboai\camboai\docs\specs\TraderStation\env\Lib\site-packages\jupyterlab\static\6733.bf3398ba9bb890f0fb67.js.LICENSE.txt
65424ae122d5021140b16970c4f1a239955d72dbfede08210a267a14f8597000,1,camboai\camboai\docs\specs\project\CamboStationVision1226\venv\Lib\site-packages\smmap-5.0.2.dist-info\top_level.txt
65ee17f90788ee4df28265a5226826dd341d1e6d9a6b0c39d2a859c6faa9089a,1,camboai\camboai\docs\specs\project\CamboStation309\AI_Trade_Section\SectorVolSnap\CouncilSectorBridge.txt
65ff0039930dee1af5104714a3d5392b35ec3384ce0b5a41676d83f3dd77258b,4,camboai\camboai\docs\specs\project\CamboStation309\john-trading-hub\john-trading-hub\venv\Lib\site-packages\tenacity-9.1.2.dist-info\top_level.txt
663f69c54a1e46c76ea61a17e5887c431a0b4db27aec28e67eb19f603359bc09,1,camboai\camboai\docs\specs\project\CamboStationVision1226\venv\Lib\site-packages\pip\_vendor\vendor.txt
66b6b7755432b7a4377d4fecba80f7805f35255dd6795f201faeafce87afe34f,1,camboai\camboai\docs\specs\project\GitHub\CamboStationVision\venv\Lib\site-packages\transformers-4.53.2.dist-info\entry_points.txt
66d67bf635ea1ed0cb286aa282e6213f1ee7fff96e880eaf3a8495c8403855b9,2,camboai\camboai\docs\specs\project\GitHub\CamboStationVision\AI_Trade_Section\SectorVolSnap\SectorRotationResonance.txt
66e93f73559e8a75dd333db47d7944b460baef37ca396bb053c69da44114fe72,4,camboai\camboai\docs\specs\project\CamboStation309\john-trading-hub\john-trading-hub\venv\Lib\site-packages\pyarrow-20.0.0.dist-info\top_level.txt
67610d8c1d62e69adf7b3f0274cd5276bddce99c6fdab451a253292e60677001,4,camboai\camboai\docs\specs\TraderStation\env\Lib\site-packages\setuptools\_vendor\wheel\vendored\vendor.txt
67f83d640c62831e383209acb0b34e1ac23d43c30f20947ecdb4ad39b8101010,2,camboai\camboai\docs\specs\project\CamboStation309\john-trading-hub\requirements.txt
6816c4b75b6575722f02f90331b4abf5675d9315ed3136b4e50abc8f8b39e421,1,camboai\camboai\docs\specs\project\GitHub\CamboStationVision\venv\Lib\site-packages\scipy\spatial\tests\data\random-uint-data.txt
68172b51b35b04573fe18cb2a999019a7f89fbff38564c09f135393c662e5d60,1,camboai\camboai\docs\specs\project\GitHub\CamboStationVision\logs\FusionDeck.txt
68c192576f1c8ca215d8245f751db366c8ac967ea8c62d6d6106f167db6e30ca,1,camboai\camboai\docs\specs\project\GitHub\CamboStationVision\venv\Lib\site-packages\scipy\spatial\tests\data\pdist-cityblock-ml.txt
6909a20cc84d4c5dba7022b8ffb0fea9a56f85bc42946d30c824e7121933601b,2,camboai\camboai\docs\specs\project\GitHub\CamboStationVision\venv\Lib\site-packages\regex-2024.11.6.dist-info\top_level.txt
694de2f814145d81aac529a63a6fa3dce732c6e812a67ad46ea47e74220d1041,1,camboai\camboai\docs\specs\project\CamboStationVision1226\venv\Lib\site-packages\toml-0.10.2.dist-info\top_level.txt
6a2d851fbf131b0a017028157e8a9bce4e48402b670ee91d4ace332ae54fbc3b,4,camboai\camboai\docs\specs\project\CamboStation309\john-trading-hub\john-trading-hub\venv\Lib\site-packages\cachetools-6.1.0.dist-info\top_level.txt
6a3db8bf3c37c1cdd7b0bdd0d2c1e27485fa37b4da562103af547f47841b823a,2,camboai\camboai\docs\specs\project\GitHub\CamboStationVision\venv\Lib\site-packages\pure_eval-0.2.3.dist-info\top_level.txt
6a54845281cc1d2ff8a57fa1cbbd359e151dd210ab3a1064b0b23c658734cfe8,1,camboai\camboai\docs\specs\project\CamboStationVision1226\venv\Lib\site-packages\plotly-6.2.0.dist-info\entry_points.txt
6b5d643dccf1e216e873fb178fab981f6f0c075b6b65e4631b78e57cb26a1caf,6,docs\specs\D_TraderStation\You're building CamboStation™ — not.txt
6b7a1792144374d84dc5ed3655b8bbe2754d06f4f1f64a9fb8b9de2d6f448b85,8,camboai\camboai\docs\specs\project\CamboAI-TraderStation\New folder\frontend\node_modules\data-urls\node_modules\whatwg-url\LICENSE.txt
6c41affee3776ae29372dfeb67eac3f9c4c8c24913554371e370455c992e531e,1,camboai\camboai\docs\specs\TraderStation\New folder\backend\venv\Lib\site-packages\uvicorn-0.15.0.dist-info\top_level.txt
6c6201ef28090bc0861c0a152adc0e74f800a833396f37dfa60c5831308a8264,1,camboai\camboai\docs\specs\project\GitHub\CamboStationVision\venv\Lib\site-packages\scipy\spatial\tests\data\pdist-seuclidean-ml-iris.txt
6cafa3dab4a6895756fe96cb1c036465e309a0099d3ad95fa4e693f9be2fc220,2,camboai\camboai\docs\specs\project\CamboAI-TraderStation\New folder\frontend\node_modules\exit\test\fixtures\1000-stderr.txt
6cfc4687cb2f2d86f4a77e6b526290d3878e5e512f3fec2f4cb36a9cb36f798b,2,camboai\camboai\docs\specs\project\CamboAI-TraderStation\New folder\frontend\node_modules\deepmerge\license.txt
6d404832cddf4fbac9be3695e090d83d5b940fce78780ce4bfa9e03f9fd9f37b,1,camboai\camboai\docs\specs\project\CamboStationVision1226\venv\Lib\site-packages\pandas-2.3.1.dist-info\entry_points.txt
6d557f0693958fb5e650b68b5bee585eb82cf4da32965505c789e924743bc522,1,camboai\camboai\docs\specs\TraderStation\New folder\.venv\Lib\site-packages\passlib\_data\wordsets\eff_long.txt
6d660d4fb5eaa4b4c691004c7e708527b6e7a31a28665cdf234fcee7850eaae2,1,camboai\camboai\docs\specs\project\GitHub\CamboStationVision\venv\Lib\site-packages\scipy\spatial\tests\data\pdist-minkowski-5.8-ml-iris.txt
6d9b3f6991d27ff3cd95f2070f8f81113266462f7d04974a2eb396eeb42781ea,1,camboai\camboai\docs\specs\TraderStation\env\Lib\site-packages\webencodings-0.5.1.dist-info\top_level.txt
6e28bbdbc87a61cd9e3a3fef97ddfd979dd0b324fb8a42619295ecbb7d21aa75,3,docs\specs\Desktop\CamboStation™ Genesis — Full Tactic.txt
6e6ac0352e1fb9ab6a8c5fdea49d4c71905e095fbd1a258f9d36bbe6d49f782f,2,camboai\camboai\docs\specs\project\CamboStation309\john-trading-hub\John—this is what makes your cockpi.txt
6e89108c2cf0c0446174188f76f60465ae1c1f14f83427807df40d52a27cb2c8,2,camboai\camboai\docs\specs\TraderStation\New folder\.venv\Lib\site-packages\asgiref-3.9.1.dist-info\top_level.txt
6f0c00d8776fd61104bce0b5d4997e58fb530ec417664b649a387996fcd5a033,1,camboai\camboai\docs\specs\project\GitHub\CamboStationVision\modules\educationtaboriginal.txt
6f8d6ee24a1051a6abd5f46f7d7fddd3a2b35947e9a6c474c0c8468b113e2213,1,camboai\camboai\docs\specs\project\GitHub\CamboStationVision\venv\Lib\site-packages\crewai\cli\templates\crew\knowledge\user_preference.txt
6f8ef73098434a2f62c0d0333456aedea28d97bf573d11c8003b8ed6e05c5b59,1,camboai\camboai\docs\specs\project\CamboStationVision1226\venv\Lib\site-packages\pydeck-0.9.1.dist-info\top_level.txt
6f900d2061365f4d02f0359068aa27bb376b082ab30358da14ca52bd0806fa06,2,camboai\camboai\docs\specs\project\CamboAI-TraderStation\New folder\frontend\node_modules\ejs\usage.txt
6f9d58079d08fefbba5c06d21119aab606987226000c203f6da56867f4f92f3b,4,camboai\camboai\docs\specs\project\CamboStation309\john-trading-hub\john-trading-hub\venv\Lib\site-packages\curl_cffi-0.11.4.dist-info\top_level.txt
6fcb77f2adf4d4c2ab2f80b17e7faafe6a29e9b33376466c2a69b61ec9cdb264,1,camboai\camboai\docs\specs\project\GitHub\CamboStationVision\venv\Lib\site-packages\torch-2.7.1.dist-info\entry_points.txt
6fd46d7f736d4aa734fca6a4e8bfe5be76dd28f0341948a6da9f9770542c7f98,2,camboai\camboai\docs\specs\project\GitHub\CamboStationVision\venv\Lib\site-packages\executing-2.2.0.dist-info\top_level.txt
7006d5bc26e4159b9350beb1451cd182ac81d2b2ef2537efc370f7d20968d8e1,2,camboai\camboai\docs\specs\TraderStation\env\Lib\site-packages\setuptools\tests\config\setupcfg_examples.txt
7068da2cc3a8051d452b4029a23b73595995893b49ec91882bf1f05e212cbed5,2,camboai\camboai\docs\specs\TraderStation\env\Lib\site-packages\setuptools\_vendor\backports.tarfile-1.2.0.dist-info\top_level.txt
70742643f1a23d2d0cc2150b5757ecc02f874c7a39a58cbdcb97af61de1e06b0,1,camboai\camboai\docs\specs\project\GitHub\CamboStationVision\Comprehensive Blueprint and Game Pl.txt
71014133f7cf6c37615558a15b04bedbd5a25b5ecb677af89525f2bf0173373b,1,camboai\camboai\docs\specs\TraderStation\env\Lib\site-packages\nest_asyncio-1.6.0.dist-info\top_level.txt
715ad56c5f4f8395092c58b6b6f2deb4f906f81380929a836bd86ab253634875,2,camboai\camboai\docs\specs\project\GitHub\CamboStationVision\venv\Lib\site-packages\parso\python\grammar39.txt
715fcdcc4504075b1c44003c8dbeda64404d7ffdad0dcef5a4cca45af1e37d1f,1,camboai\camboai\docs\specs\project\GitHub\CamboStationVision\glyph_blueprint.txt
71d4436252dce17393d8acf33eeae278c9fe5d6ff7631173a29c1d783a8f155b,1,camboai\camboai\docs\specs\project\GitHub\CamboStationVision\venv\Lib\site-packages\jsonpickle-4.1.1.dist-info\top_level.txt
726a3fe67d05fd8639b5de673d905f76304436498683fa44e528565d86d7c533,2,camboai\camboai\docs\specs\TraderStation\New folder\.venv\Lib\site-packages\pydantic-1.10.22.dist-info\top_level.txt
73cd335927605a3dbad115ad7084b89349266a1c977f87a5b6da8762eb18c1d9,1,camboai\camboai\docs\specs\TraderStation\New folder\backend\venv\Lib\site-packages\python_dotenv-0.19.2.dist-info\entry_points.txt
73e94f712ef82fff0aa07ec813a3d0179a1fca2ad140d57856191b48520f7963,5,camboai\camboai\docs\specs\project\CamboStation309\john-trading-hub\john-trading-hub\venv\Lib\site-packages\pycparser-2.22.dist-info\top_level.txt
74cfe41cdbf7f6925aeb4c18c148ec8db042540edb6739fd81069aa4e3c8b118,1,camboai\camboai\docs\specs\project\GitHub\CamboStationVision\venv\Lib\site-packages\vaderSentiment-3.3.2.dist-info\LICENSE.txt
757302fe7c41e7026fa46d3315ea8604ed5295fc95c2256d9b38adac43f6fbe5,1,camboai\camboai\docs\specs\project\CamboStationVision1226\venv\Lib\site-packages\click-8.2.1.dist-info\licenses\LICENSE.txt
759e455d90e4111925642be1682a5659de124942dd5f13e3c655c91983027bbb,3,camboai\camboai\docs\specs\project\CamboStation309\AI_Trade_Section\MacroConductor\Council_Tone_Grid\GlobalTensionMatrix.txt
75cbf4c0a232481d333230045cbc18e15d3edc837d519406013d700e67d02026,1,camboai\camboai\docs\specs\TraderStation\env\Lib\site-packages\bleach-6.2.0.dist-info\top_level.txt
75f72989ecce5fe8df14856d5d9faa001db1df6f9edc7390b552dbe6a1f94f3c,1,camboai\camboai\docs\specs\TraderStation\env\Lib\site-packages\jupyter_lsp-2.2.6.dist-info\top_level.txt
76734442dde720320ee6648208e079a1b407ae30ce52c47271d06e8dcdafad61,2,camboai\camboai\docs\specs\project\GitHub\CamboStationVision\venv\Lib\site-packages\pyasn1-0.6.1.dist-info\top_level.txt
76738b0e2e7a43d0471aa74546cfd174e4c6b37d0678bf58665f94cf22144de2,1,camboai\camboai\docs\specs\TraderStation\env\Lib\site-packages\isapi\test\README.txt
76807e64643c38a4b1cf29fd3163c18dcbd46a0ac8697d97dac865f1e0da8fcb,1,camboai\camboai\docs\specs\TraderStation\New folder\.venv\Lib\site-packages\python_multipart-0.0.5.dist-info\licenses\LICENSE.txt
7713ead1845b4034b097c42447e23d037f2b6db7ca406e61dae3458e9bd4e95e,1,camboai\camboai\docs\specs\project\GitHub\CamboStationVision\venv\Lib\site-packages\opentelemetry_api-1.35.0.dist-info\entry_points.txt
7724ba8e0f210871e45d6bec7dc20c3bcae396ffdb773031884d25924cc9e619,1,camboai\camboai\docs\specs\TraderStation\env\Lib\site-packages\lark-1.2.2.dist-info\top_level.txt
77dc8bdfdbff5bbaa62830d21fab13e1b1348ff2ecd4cdcfd7ad4e1a076c9b88,3,camboai\camboai\docs\specs\project\GitHub\CamboStationVision\venv\Lib\site-packages\setuptools-65.5.0.dist-info\top_level.txt
78477626afda550169dfc6d65bc3dfc23cffe6289ba9e3854fedb35e53c0abff,1,camboai\camboai\docs\specs\project\GitHub\CamboStationVision\venv\Lib\site-packages\grpcio-1.73.1.dist-info\top_level.txt
78d27c81cf67f4817c9d6d5df6c23d9e2b87b2d6338cdcf9bea5f1f5481648f7,2,camboai\camboai\docs\specs\TraderStation\env\Lib\site-packages\jupyterlab\static\9085.5a959b5878e7afd8a878.js.LICENSE.txt
78e60cd0b8f28694f30195482c33d76908d846b0d15278deb7332aa22ba8e412,2,camboai\camboai\docs\specs\project\GitHub\CamboStationVision\venv\Lib\site-packages\jedi-0.19.2.dist-info\LICENSE.txt
791f540e99dfee6444cacf4cb6d2b2b7307939703923038658964a99a178208f,2,camboai\camboai\docs\specs\project\GitHub\CamboStationVision\venv\Lib\site-packages\websocket\tests\data\header01.txt
794ce4b15e369ea6dc8e4770867f8983cfdaacf5dd0c933947e1c989eaa95953,2,camboai\camboai\docs\specs\TraderStation\New folder\.venv\Lib\site-packages\jupyterlab_plotly\nbextension\index.js.LICENSE.txt
79e223bb37e77d1d8fae16e39dbcc553a327492ef49192f1c1a1c7aba33e6c3d,6,camboai\camboai\docs\specs\project\CamboStation309\john-trading-hub\john-trading-hub\venv\Lib\site-packages\pip-25.1.1.dist-info\entry_points.txt
7a55dbe717e32dd8e0492a10164e3fd90bb7969d8221a82517d310b5f2281fba,1,camboai\camboai\docs\specs\project\GitHub\CamboStationVision\venv\Lib\site-packages\sympy-1.14.0.dist-info\top_level.txt
7aa57a4d3ecf6581729992bad9575bacdebf7c28378af2aec6a50f11aec326f5,1,camboai\camboai\docs\specs\TraderStation\New folder\.venv\Lib\site-packages\passlib\_data\wordsets\eff_prefixed.txt
7b2a941f848724dafa6a139897122e9d3af85e29c4f19e5a8d62ddacadebd03f,2,camboai\camboai\docs\specs\project\GitHub\CamboStationVision\venv\Lib\site-packages\python_dotenv-1.1.1.dist-info\top_level.txt
7b38d711e2e91bd04132b374adb33767bee6727d17112c52940699132d9eafe9,2,camboai\camboai\docs\specs\project\GitHub\CamboStationVision\venv\Lib\site-packages\parso\python\grammar36.txt
7bf0288df1350cd63833c3fd2c04bbaa1f05c7778e9a8be86ea92becd123960e,1,camboai\camboai\docs\specs\project\GitHub\CamboStationVision\venv\Lib\site-packages\pyasn1_modules-0.4.2.dist-info\top_level.txt
7c72231d4d46670023bdcc9da6652752b4e76ef7625a31b83845592bc6f2d134,1,camboai\camboai\docs\specs\project\GitHub\CamboStationVision\venv\Lib\site-packages\importlib_resources-6.5.2.dist-info\top_level.txt
7cb8cb0826fbd90757e7990ab2c65dc20dbad92695e4d81d206fc19ff80f1d28,1,camboai\camboai\docs\specs\project\GitHub\CamboStationVision\venv\Lib\site-packages\scipy\ndimage\tests\data\label_strels.txt
7cc4959877dbe6b6c63a8eb1bfe3bfb545fa8fe5b28b1b2c13e4a7c1c0d1c4d4,5,camboai\camboai\docs\specs\project\CamboStation309\john-trading-hub\john-trading-hub\venv\Lib\site-packages\requests-2.32.4.dist-info\top_level.txt
7cdc207ba0d1252efd16d1f894939af2a18123a221352c0b29abcd7bac69de13,3,camboai\camboai\docs\specs\project\CamboStation309\AI_Trade_Section\CouncilPersonaSync\PersonaTraitFrame.txt
7cde8b8e921a7670b0825feee800d07c33cb6515569b4e5bcf56bd77da80ae05,1,camboai\camboai\docs\specs\TraderStation\New folder\.venv\Lib\site-packages\ujson-5.10.0.dist-info\LICENSE.txt
7d1bc0c4deb17ffc6bf027bed849bbeb18cb4500829aefa3da50429aedd7dc22,1,camboai\camboai\docs\specs\project\GitHub\CamboStationVision\venv\Lib\site-packages\litellm\proxy\_experimental\out\model_hub.txt
7d9204bca286ac799e283328407b5dcd31cb6adde633d6deb5036bbea70d2ad0,1,camboai\camboai\docs\specs\project\CamboStationVision1226\venv\Lib\site-packages\pyarrow-20.0.0.dist-info\top_level.txt
7dac2af13d5715f061b38ae38d29787d40373f1f4fda6b46d9ebeaa8fca16e17,3,camboai\camboai\docs\specs\TraderStation\env\Lib\site-packages\pip\_vendor\vendor.txt
7e0ade1097757e73899270990230098ca2668701bb7b62831956b5cbbc612033,1,camboai\camboai\docs\specs\project\GitHub\CamboStationVision\venv\Lib\site-packages\pyarrow-21.0.0.dist-info\NOTICE.txt
7f038029ea5463605dd2278d300099a381bce9e90dda83ccab2042346b6c8107,1,camboai\camboai\docs\specs\project\GitHub\CamboStationVision\venv\Lib\site-packages\et_xmlfile-2.0.0.dist-info\AUTHORS.txt
8023619f9ef0ce4b038d20084a680c2746a25f342e964d062616f6f81032620c,1,camboai\camboai\docs\specs\TraderStation\env\Lib\site-packages\psutil-7.0.0.dist-info\top_level.txt
808e10c8a6ab8deb149ff9b3fb19f447a808094606d712a9ca57fead3552599d,3,camboai\camboai\docs\specs\TraderStation\env\Lib\site-packages\pip-25.2.dist-info\licenses\src\pip\_vendor\distlib\LICENSE.txt
80ac4661427d85dd7b8e120627c4fa9fe4499ac2eb4d79e5e2750b3a8df737b6,1,camboai\camboai\docs\specs\TraderStation\env\Lib\site-packages\uri_template-1.3.0.dist-info\top_level.txt
81e01e9f9f215a3e45e6fc8c47e535828966cede6751e16d1ca85ee49e204770,2,camboai\camboai\docs\specs\project\CamboAI-TraderStation\New folder\frontend\node_modules\jake\usage.txt
82a0481c500da80feb384ef8df630150ee6ed4950e64f6658347304b9a75889c,1,camboai\camboai\docs\specs\project\CamboAgent\Logs\status_monitor_log.txt
82e04ae550ecd89738c9c3b566c4a7e28a99bcf89711802b3f7b4fe29b7251a7,1,camboai\camboai\docs\specs\project\CamboStationVision1226\venv\Lib\site-packages\charset_normalizer-3.4.2.dist-info\entry_points.txt
8328772426ae008162ffd5c47ea9b7bd8bff8dbd84a9ccf61e3a660bd6443cc3,1,camboai\camboai\docs\specs\project\GitHub\CamboStationVision\venv\Lib\site-packages\sqlalchemy\dialects\type_migration_guidelines.txt
833da9cb47c5b350211b53bb2a91cf7085ce8173b07488826929e62e4891d764,1,camboai\camboai\docs\specs\project\GitHub\CamboStationVision\venv\Lib\site-packages\oauthlib-3.3.1.dist-info\top_level.txt
833f91620688c180e8ce1e494c5efaef491642fc67bb7c1a19b3e23002082ebf,6,camboai\camboai\docs\specs\project\CamboStation309\AI_Trade_Section\MacroConductor\Persona_Operative_Channel\Gemini.txt
83504350980f9921fc38eb5faa10db345b20f56e056c5497ace3cd5e4cd583bd,1,camboai\camboai\docs\specs\project\CamboStationVision1226\venv\Lib\site-packages\gitdb-4.0.12.dist-info\top_level.txt
83dfaabd2038a9ee12d313f19d36b5ef3a9ae19f8fe52d13575800b1bafe440b,1,camboai\camboai\docs\specs\project\GitHub\CamboStationVision\venv\Lib\site-packages\scipy\spatial\tests\data\pdist-seuclidean-ml.txt
84302993d36e2a73d3fb0fcb8d12af3ce931865fff52350720902380632ccba4,2,camboai\camboai\docs\specs\project\CamboStation309\AI_Trade_Section\EventCatalystDeck\CatalystImpactLogs.txt
843eb54b3428f9f6f13661b8eaca382710d0990c9e257b55a790544e4ce87891,1,camboai\camboai\docs\specs\project\CamboStationVision1226\venv\Lib\site-packages\pip-25.1.1.dist-info\licenses\AUTHORS.txt
84cdbf115c4cffc88bdeb9bbba2d7b34050aa070a3a6a8588dd5cee8d43a9442,1,camboai\camboai\docs\specs\project\GitHub\CamboStationVision\venv\Lib\site-packages\langchain\chains\llm_summarization_checker\prompts\create_facts.txt
84d3c4f1838f9b9319d7af48e1ce499c6d9c5b195e3a529d746d55740f859f76,1,camboai\camboai\docs\specs\project\GitHub\CamboStationVision\venv\Lib\site-packages\scipy\ndimage\tests\data\label_results.txt
84de27db59ed9398d621a01401cce9b6c3aeff3f2cfb6c1b28d405c0560cb159,1,camboai\camboai\docs\specs\project\GitHub\CamboStationVision\venv\Lib\site-packages\ta-0.11.0.dist-info\top_level.txt
854f800ec1a5b379a07f7a6506df41fa860b0ad043422509674d2486e028a977,1,camboai\camboai\docs\specs\project\GitHub\CamboStationVision\venv\Lib\site-packages\humanfriendly-10.0.dist-info\entry_points.txt
8573474b2976433f5b2cd1500f18aa3019c33c0894fe566be465b4b736693041,6,camboai\camboai\docs\specs\project\CamboStation309\AI_Trade_Section\Phase_I_Validation_Log.txt
86791302ec52156fd38a5830d01b754552eb7c6444de16230264cf9b593eb1cf,1,camboai\camboai\docs\specs\TraderStation\env\Lib\site-packages\debugpy\_vendored\pydevd\pydev_sitecustomize\__not_in_default_pythonpath.txt
86eeee87be2a43f3ff1f56496f451f69243926f025fedbb033666c304c4c161b,3,camboai\camboai\docs\specs\TraderStation\env\Lib\site-packages\pip-25.2.dist-info\licenses\src\pip\_vendor\cachecontrol\LICENSE.txt
87285eeabd14bc7bd93d5f4426fcae8c895bf0282d46543b47aa1b86f33fb3e6,2,camboai\camboai\docs\specs\project\GitHub\CamboStationVision\venv\Lib\site-packages\ipython_pygments_lexers-1.1.1.dist-info\entry_points.txt
873a5896ace1f2fdcd3d316b44607591e6f4d18056300e27a0492a4001603f7a,2,camboai\camboai\docs\specs\TraderStation\env\Lib\site-packages\jupyterlab\static\5090.404be96d8a6eae1e719a.js.LICENSE.txt
8744e9d5475a44e0b2d9b8d63616b5305a70815821c44510b1a2c76d9b3de86c,3,camboai\camboai\docs\specs\project\CamboStation309\john-trading-hub\john-trading-hub\venv\Lib\site-packages\smmap-5.0.2.dist-info\top_level.txt
8774ed196d56be85080a93117d08832f3cd705200dd6ab9770bafe0262913ab9,3,camboai\camboai\docs\specs\project\CamboStation309\AI_Trade_Section\MythForge\Poetic_Streams\ConvictionRise.txt
87b8354e84563a696aadf8c4117127025462b410050e8abc988fab34e09263ff,1,camboai\camboai\docs\specs\TraderStation\env\Lib\site-packages\pandocfilters-1.5.1.dist-info\top_level.txt
8806dda121df686a817d56f65ee47d26a4901c2a0eb0eb46eb2f42fcb4a9a85c,3,camboai\camboai\docs\specs\project\GitHub\CamboStationVision\venv\Lib\site-packages\zipp-3.23.0.dist-info\top_level.txt
888ba0271d0cfcf6ba11a3bd05c318112e3e0ca721f394cda5eb74766f8b937d,2,camboai\camboai\docs\specs\TraderStation\env\Lib\site-packages\jupyterlab\static\227.6bd3154334bb91c5ca1c.js.LICENSE.txt
8a475efd5fd711d481a9a19de6d12b88dff0cd81cb8135ffcd5b65b062c7bf04,1,camboai\camboai\docs\specs\project\GitHub\CamboStationVision\venv\Lib\site-packages\distro-1.9.0.dist-info\top_level.txt
8a811f3069248b37137083ddbe387e918ca63b513d23d76fcc78cb525292e66f,3,camboai\camboai\docs\specs\TraderStation\env\Lib\site-packages\pip-25.2.dist-info\licenses\AUTHORS.txt
8abf4e5fd7e1b836c565d710bf88b72cf18b2da891ffe32b5720266e3bffd39c,1,camboai\camboai\docs\specs\project\Recovery_20250712_234439\RecoveryLog.txt
8aff8921a69c99397e852868dd09a985c2a76d1458c75b2de3bca3cffd7bf11a,2,camboai\camboai\docs\specs\project\GitHub\CamboStationVision\venv\Lib\site-packages\aiohttp-3.12.14.dist-info\top_level.txt
8bb7017ada22a7168ed9cc32f7eec946f05e445fc3d2dab28916ebc51df8fe89,3,camboai\camboai\docs\specs\project\GitHub\CamboStationVision\AI_Trade_Section\MythForge\Identity_Evolution_Log\SetupIdentityTrace.txt
8be31ef43f091ec4449b1ef2e238d009672fc30555a5193331bd095a4fa836a6,1,camboai\camboai\docs\specs\TraderStation\New folder\.venv\Lib\site-packages\plotly-5.3.1.dist-info\LICENSE.txt
8c45d9eaf50c2f72dd9c7ab9ef440788ba58a3538484b5c51c1f17d5128752e7,4,camboai\camboai\docs\specs\project\CamboStation309\john-trading-hub\john-trading-hub\venv\Lib\site-packages\plotly-6.2.0.dist-info\licenses\LICENSE.txt
8c5019700560d56cddb148e881866fcaa48c68100ddfcb2a5197a671a0f117d1,1,camboai\camboai\docs\specs\project\GitHub\CamboStationVision\venv\Lib\site-packages\pyreadline3-3.5.4.dist-info\top_level.txt
8ca940f3b95d1a87fc9dd64b915f65f7bf93b21dae5d3225c9946c3285abd200,1,camboai\camboai\docs\specs\project\GitHub\CamboStationVision\venv\Lib\site-packages\scipy\spatial\tests\data\pdist-minkowski-3.2-ml.txt
8d2ca34fed66807f5be4e69dce0af3f4ea6d63aa34c8f119b0ec68d90c8f4a1d,2,camboai\camboai\docs\specs\project\CamboAI-TraderStation\New folder\frontend\node_modules\address\LICENSE.txt
8e2bedc6c3d70379cadd60565b62d6e4cb6efc61edf14640d7735e0acd9c2ae0,2,camboai\camboai\docs\specs\project\GitHub\CamboStationVision\venv\Lib\site-packages\frozenlist-1.7.0.dist-info\top_level.txt
8ed3e667083901fa48a26fb0323b72f3fead23af5e3d49c9ede61d17216af46e,1,camboai\camboai\docs\specs\project\GitHub\CamboStationVision\venv\Lib\site-packages\scipy\spatial\tests\data\pdist-chebyshev-ml.txt
8f1a0ca06496574f96cc9cc850ae597dda5dd380343d01a132c3c19c056e6b4b,1,camboai\camboai\docs\specs\project\GitHub\CamboStationVision\venv\Lib\site-packages\pypika-0.48.9.dist-info\top_level.txt
8f1aff778c00a526197fc828ebb49d50c6d6f2565561676e5583d58ddc18733b,1,camboai\camboai\docs\specs\project\CamboStationVision1226\venv\Lib\site-packages\GitPython-3.1.44.dist-info\top_level.txt
8f5ca257a23173675601bfcedac575a74d356770be095f5c6527dd6b746fa2aa,1,camboai\camboai\docs\specs\TraderStation\env\Lib\site-packages\jupyter_client-8.6.3.dist-info\entry_points.txt
8fa7e1c62742db1c522dcb8b3345a3c620700e60a8b85128e9ea994c8c8d1e4d,3,camboai\camboai\docs\specs\project\GitHub\CamboStationVision\AI_Trade_Section\SetupStrategyBay\MultiStylePlaybook.txt
9006214049b3889c2c2ace6b6980083af2762d699bcf976e9445cecec63bd6ba,1,camboai\camboai\docs\specs\project\GitHub\CamboStationVision\venv\Lib\site-packages\openai-1.97.0.dist-info\entry_points.txt
9144a55454d7944bd0695179ec85956de3d08a64c5227ffa2d45da186ec8445a,4,camboai\camboai\docs\specs\project\CamboAI-TraderStation\New folder\frontend\node_modules\plotly.js\dist\plotly-strict.min.js.LICENSE.txt
914ee6ed78a5efc173bda698f2708444ca9d140fcc4080c60d0503d40db39da6,2,camboai\camboai\docs\specs\project\GitHub\CamboStationVision\venv\Lib\site-packages\decorator-5.2.1.dist-info\LICENSE.txt
91879207a975841369ec9c204b02da8dcb31465ad209528e85829291d831efdf,1,camboai\camboai\docs\specs\TraderStation\New folder\backend\venv\Lib\site-packages\httpcore-0.17.3.dist-info\top_level.txt
93a16e09fcf655ab33d22a947bc2e3e3d42884aecfcebf593ef0f5c3f5caa679,1,camboai\camboai\docs\specs\TraderStation\env\Lib\site-packages\nbformat-5.10.4.dist-info\entry_points.txt
94036750bf5e790b530d9764bdb8dca52c551ecb4de4139ef0f7b0b1b71c7bc4,1,camboai\camboai\docs\specs\TraderStation\env\Lib\site-packages\jupyterlab-4.4.5.dist-info\entry_points.txt
94b3831000cf5955dd379b78ea394776c5bbab6e21060487a09220b04e607a48,3,camboai\camboai\docs\specs\project\CamboStation309\john-trading-hub\john-trading-hub\venv\Lib\site-packages\pydeck-0.9.1.dist-info\top_level.txt
95f062f4eaf37f958ef9de861d59b7ecae4d5141f984b38260ecfaea76c49c63,1,camboai\camboai\docs\specs\project\GitHub\CamboStationVision\venv\Lib\site-packages\kubernetes-33.1.0.dist-info\top_level.txt
96303c3edaddc30216116318b933652bd3023d048beec9ab7c475f835e23eb88,3,camboai\camboai\docs\specs\project\GitHub\CamboStationVision\AI_Trade_Section\ConvictionDriftScanner\DriftPulseMatrix.txt
96cfb6f4cf8b69d48f060f8d7f66ebf33abf18f1fb8f61cae8e0b38f07bf2d73,1,docs\specs\MIGRATION_LOG.txt
97fb284db7c45a36532c2e58771d94f2e8fc349df423001cf32a392141b97f24,2,camboai\camboai\docs\specs\project\GitHub\CamboStationVision\venv\Lib\site-packages\websocket\tests\data\header03.txt
98a24ee50140b14103b49fdcf7b17e21b995b476040f29aa0fb7795f450b915b,1,camboai\camboai\docs\specs\project\GitHub\CamboStationVision\venv\Lib\site-packages\openpyxl-3.1.5.dist-info\top_level.txt
98ffb417a351afa591abe0bb9017d8fa4a53200d1d1e6083dd9fa46364b0da62,4,camboai\camboai\docs\specs\project\CamboStationVision\modules\voice_archive_2025-07-05_10-23.txt
9903b7bcd92a95c62cff145a2f9129448cb52118cca7837dfef7709a27a63d7a,1,camboai\camboai\docs\specs\TraderStation\env\Lib\site-packages\babel-2.17.0.dist-info\top_level.txt
9a8ad106a394e853bfe21f42f4e72d592819a22805d991b5f3275029292b658d,6,camboai\camboai\docs\specs\project\CamboStation309\john-trading-hub\john-trading-hub\venv\Lib\site-packages\click-8.2.1.dist-info\licenses\LICENSE.txt
9b34fc3867cf1b67f4d7fe23b2a88730be74e42fa6b6be818bc21864ba8bdfde,1,camboai\camboai\docs\specs\project\CamboStationVision\requirements.txt
9b9dae8dda75d02a93ea38755d0c594fa9049ed727bfeed397b52218d4f35990,2,camboai\camboai\docs\specs\TraderStation\env\Lib\site-packages\setuptools\_vendor\inflect-7.3.1.dist-info\top_level.txt
9bef883fa9799b8651f8235b24b0752d227922395a753f34bb0b7c58a5c6a3fd,2,camboai\camboai\docs\specs\project\GitHub\CamboStationVision\AI_Trade_Section\SectorVolSnap\SurgeTriggerMatrix.txt
9c0b81f198ce0d9dabf99d45e39bed5c906f563ae8d09dd629384e208d9e6435,1,camboai\camboai\docs\specs\project\CamboStationVision1226\venv\Lib\site-packages\pytz-2025.2.dist-info\top_level.txt
9c23e51c3c9d205cffa5a8fb08abf830f6c96d613973bb5e6823595a5d277640,3,docs\specs\D_project\# === education_module.py 11===.txt
9c76ce61ac0a3d0404e65425fada140752414498d4ca7fe6fcc6fc4552744630,1,camboai\camboai\docs\specs\TraderStation\New folder\backend\venv\Lib\site-packages\Deprecated-1.2.18.dist-info\top_level.txt
9c90f07920fbfcd0613a547773c6e428930a33ea719404bc2b287c19c093d9d9,2,camboai\camboai\docs\specs\project\GitHub\CamboStationVision\venv\Lib\site-packages\asttokens-3.0.0.dist-info\top_level.txt
9ca9dc13c094a9911127a56e4162f8fdb92e9d23c335f9fb299a9be13af96043,1,camboai\camboai\docs\specs\project\GitHub\CamboStationVision\venv\Lib\site-packages\appdirs-1.4.4.dist-info\top_level.txt
9caf37c6686c7781f43fb406ada53060256d33d72740404bf89411f382482ff9,1,camboai\camboai\docs\specs\project\GitHub\CamboStationVision\venv\Lib\site-packages\opentelemetry_exporter_otlp_proto_grpc-1.35.0.dist-info\entry_points.txt
9cb2b9c83b5c994facbe861e2cfb99668a25669c66a4e69e2ecc0b2d1e50a063,1,camboai\camboai\docs\specs\project\GitHub\CamboStationVision\venv\Lib\site-packages\scipy\spatial\tests\data\pdist-cosine-ml.txt
9d24aae5440cc7a82f8cc288b36b7f8adbae110ceeda79e2d70767cb001efb95,1,camboai\camboai\docs\specs\project\GitHub\CamboStationVision\venv\Lib\site-packages\langchain\chains\llm_summarization_checker\prompts\revise_summary.txt
9d4cbe176b6afe07f462c40a206a879a44bf5c9c54fdd42520db976480074ec9,1,camboai\camboai\docs\specs\TraderStation\env\Lib\site-packages\async_lru-2.0.5.dist-info\top_level.txt
9e3fc9610e9b7ef8651432aee4e0bfcc178eccf2a07b0926a7149c2443c0ce1b,1,camboai\camboai\docs\specs\project\GitHub\CamboStationVision\venv\Lib\site-packages\scipy\spatial\tests\data\pdist-jaccard-ml.txt
9e742c1c90ccd69dd4311bc11845083cd23a0c514d25a986b8ab2df0555d0710,1,camboai\camboai\docs\specs\project\GitHub\CamboStationVision\venv\Lib\site-packages\sklearn\datasets\tests\data\svmlight_invalid_order.txt
9ea3c46a515e86d26fac1125666262a48363cd34ab5d4b25931f7acafa83c5f3,1,camboai\camboai\docs\specs\project\CamboStationVision1226\venv\Lib\site-packages\MarkupSafe-3.0.2.dist-info\top_level.txt
9eb73a1f38597a4aa17025d2ae1be3839624c795e985d4f0e9769ce29faca467,3,camboai\camboai\docs\specs\project\CamboStation309\john-trading-hub\john-trading-hub\venv\Lib\site-packages\blinker-1.9.0.dist-info\LICENSE.txt
9ef90799ef8f7b54b5a996e52f35d593ddaa9788d580ab533d1f4c7681d0c5f9,1,camboai\camboai\docs\specs\TraderStation\env\Lib\site-packages\jupyter_lsp-2.2.6.dist-info\entry_points.txt
a0128e8e5c8eaa40c444579fbb28e5b0f7957c64727e60dcfae89ac2e31ecb80,1,camboai\camboai\docs\specs\project\GitHub\CamboStationVision\venv\Lib\site-packages\scipy\ndimage\tests\data\label_inputs.txt
a0b36dd9c7e3f601aa8f10ec480e00b1dde002ec28f3807ede3134d78ed7a518,1,camboai\camboai\docs\specs\project\GitHub\CamboStationVision\venv\Lib\site-packages\pyvis-0.3.2.dist-info\top_level.txt
a22a41e36e4e24ff3b5f3a0c731cb750159b54ed8174d61d6d43086050ce59f2,1,camboai\camboai\docs\specs\TraderStation\New folder\.venv\Lib\site-packages\plotly-5.3.1.dist-info\top_level.txt
a476a2cb0ef4c41450340a577a28b91ac4c7f669136b2ee148047fabd5fc4181,6,camboai\camboai\docs\specs\project\GitHub\CamboStationVision\venv\Lib\site-packages\executing-2.2.0.dist-info\LICENSE.txt
a47ea51236098464fe0b4f559743590b533056d9e00f49ecbf80299fab47e231,1,camboai\camboai\docs\specs\TraderStation\New folder\.venv\Lib\site-packages\beautifulsoup4-4.9.3.dist-info\COPYING.txt
a4c8acbaf3b79d675ebd260276a91754da8f291b5253421ab9f6897c4e2ec8b2,2,camboai\camboai\docs\specs\project\CamboAI-TraderStation\New folder\frontend\node_modules\chrome-trace-event\LICENSE.txt
a5517f19ba920084cf3225f6ee47d4dd03fdfae7e146f9000e6b9d0f159d177c,2,camboai\camboai\docs\specs\project\GitHub\CamboStationVision\venv\Lib\site-packages\propcache-0.3.2.dist-info\top_level.txt
a66347a3ceea45c6ebc067be047420e4b2ff83fe38b27ff4df06da9fd06b201c,1,camboai\camboai\docs\specs\project\CamboStationVision1226\venv\Lib\site-packages\jsonschema-4.24.0.dist-info\entry_points.txt
a6b1a552bd9c3194053276ecc7231ece61d5e628ccb2444cadc2c53648100756,3,camboai\camboai\docs\specs\project\GitHub\CamboStationVision\AI_Trade_Section\Setup_Composer\Scorecard_UI\SetupScoreMetrics.txt
a6c10c42a20a5a323627b388c74bc4f5361050d5c77d359574bf45e86546ad92,4,camboai\camboai\docs\specs\project\CamboStation309\john-trading-hub\john-trading-hub\venv\Lib\site-packages\pyarrow\src\arrow\python\CMakeLists.txt
a6cba85bc92e0cff7a450b1d873c0eaa2e9fc96bf472df0247a26bec77bf3ff9,2,camboai\camboai\docs\specs\project\CamboAI-TraderStation\New folder\frontend\node_modules\xml-name-validator\LICENSE.txt
a6d11f0694c0137e9b02924b9d33a159f6c72f220fa4655bb2e1ea3654377d39,1,camboai\camboai\docs\specs\project\GitHub\CamboStationVision\venv\Lib\site-packages\pypdfium2-4.30.1.dist-info\BSD-3-Clause.txt
a749d5b1ece63d28e6e71e060cc0f86bd4ac85cf6e91d7f0d649263a6a5a02ed,2,camboai\camboai\docs\specs\project\GitHub\CamboStationVision\venv\Lib\site-packages\rsa-4.9.1.dist-info\entry_points.txt
a7946a3968bea01e5bbbdd8f1eda883e57e40739fa22f0843e3616a937be3548,1,camboai\camboai\docs\specs\project\CamboStationVision1226\venv\Lib\site-packages\pydeck-0.9.1.dist-info\LICENSE.txt
a7b8260f5f37efca2bbe2363f442129ec03d060a0cf1c4cabca77257a1981123,1,camboai\camboai\docs\specs\project\GitHub\CamboStationVision\venv\Lib\site-packages\durationpy-0.10.dist-info\top_level.txt
a7d00bfd54525bc694b6e32f64c7ebcf5e6b7ae3657be5cc12767bce74654a47,4,camboai\camboai\docs\specs\project\CamboAI-TraderStation\frontend\cambo-ui\node_modules\typescript\LICENSE.txt
a8b84b7ae3d19e3ea3bbbe92a9e5583aec5abe60cac7d6568d71cb96da4b6b9a,1,camboai\camboai\docs\specs\project\GitHub\CamboStationVision\venv\Lib\site-packages\pybase64-1.4.1.dist-info\entry_points.txt
a8f31103361fca68bef71fc69cff844b7c23bd3d64d2b872d74690cbda656bfc,1,camboai\camboai\docs\specs\project\CamboStationVision1226\venv\Lib\site-packages\tornado\test\static\robots.txt
a9fe8276216c186a02b16a4eb59820f45e47a93f2dc8dfed073b1887e0bd8031,1,camboai\camboai\docs\specs\project\CamboStationVision1226\venv\Lib\site-packages\watchdog-6.0.0.dist-info\top_level.txt
aa9ecd43568bb624a0310aa8ea05a57c6a72d08217ce830999e4132e9cea1594,2,camboai\camboai\docs\specs\TraderStation\env\Lib\site-packages\setuptools\_vendor\typeguard-4.3.0.dist-info\entry_points.txt
aadfce7b65396657f3ecb340dcf1e2a67dffd7395f453a7d764df04d2dc8bdbf,3,camboai\camboai\docs\specs\project\CamboStation309\john-trading-hub\john-trading-hub\venv\Lib\site-packages\watchdog-6.0.0.dist-info\entry_points.txt
ab2d0f9637b9209bafb020637a32728430a310075c0cb2bfd9a81571ec7c67a5,4,camboai\camboai\docs\specs\project\CamboStation309\john-trading-hub\john-trading-hub\venv\Lib\site-packages\MarkupSafe-3.0.2.dist-info\top_level.txt
ab99ebbc3cb2a9d96dae3051c93e5e1554085becb62206f625d0bcb4101797b1,1,camboai\camboai\docs\specs\project\GitHub\CamboStationVision\venv\Lib\site-packages\scipy\spatial\tests\data\pdist-cosine-ml-iris.txt
abfc4d0e1c7bd1c41ce1555d233e3521e0b3993961a338513e950a237fb68bc3,2,camboai\camboai\docs\specs\TraderStation\env\Lib\site-packages\jupyterlab\static\8786.a2bc3dfc1ea13c04ba94.js.LICENSE.txt
ac4ed6477ad97cd2b1588f7e8e7ea1b0708097b303901f859ae41bc568c57a14,5,camboai\camboai\docs\specs\project\CamboStation309\john-trading-hub\john-trading-hub\venv\Lib\site-packages\cffi-1.17.1.dist-info\top_level.txt
ac68116ae73740de4190892f334992e449a124600924ec761e64319d3aac9e6e,4,camboai\camboai\docs\specs\project\CamboAI-TraderStation\frontend\cambo-ui\node_modules\esquery\license.txt
ac9b64b37ca939ee56691e6ee8b55564c71518133b164d95fc1430597d701c51,1,camboai\camboai\docs\specs\project\GitHub\CamboStationVision\logs\TradeCandidateLedger.txt
ad363505b90f1e1906326e10dc5d29233241cd6da4331a06d68ae27dfbc6740d,4,camboai\camboai\docs\specs\TraderStation\env\Lib\site-packages\setuptools\_vendor\wheel-0.45.1.dist-info\entry_points.txt
ada5bd6f7d24ec18c4a62939acc193e9371f4b0d26b48ed3f4901cc63dca7274,1,camboai\camboai\docs\specs\project\CamboStationVision1226\venv\Lib\site-packages\setuptools-65.5.0.dist-info\entry_points.txt
adbf611ea393cbcce2de6179fa8a05bfca65648fbb3ee92f7f4e3b7aea859f72,3,camboai\camboai\docs\specs\project\CamboStation309\AI_Trade_Section\NarrativePulseComposer\EmotiveSetupLogs.txt
adf5ae43846049f634928fe3aa54938d02096060877846c4c231d8a400bd22fa,1,camboai\camboai\docs\specs\project\GitHub\CamboStationVision\venv\Lib\site-packages\scipy\spatial\tests\data\pdist-minkowski-3.2-ml-iris.txt
ae0c62047ef1984285f75664077a0c2eba800415c83443073d70ca7595cd0446,1,camboai\camboai\docs\specs\project\GitHub\CamboStationVision\venv\Lib\site-packages\scipy\io\matlab\tests\data\japanese_utf8.txt
ae266aae4fa1c99aa1e5fd59d19c228b774a7f112c07286ef5c53d20e0c5f8d6,4,camboai\camboai\docs\specs\project\CamboStation309\john-trading-hub\john-trading-hub\venv\Lib\site-packages\pillow-11.2.1.dist-info\top_level.txt
ae98f42153138ac02387fd6f1b709c7fdbf98e9090c00cfa703d48554e597614,2,camboai\camboai\docs\specs\project\GitHub\CamboStationVision\venv\Lib\site-packages\PyYAML-6.0.2.dist-info\top_level.txt
ae9b3903050ae14a7da82477c00135c1fc2e284e5fb4a6531c284f607d21b1f0,1,camboai\camboai\docs\specs\project\GitHub\CamboStationVision\venv\Lib\site-packages\scipy\spatial\tests\data\pdist-jensenshannon-ml.txt
ae9f99801ec3f06d758af5ce3795463e3ba94f5be86265aa91c883b7951ac3f4,2,camboai\camboai\docs\specs\project\GitHub\CamboStationVision\venv\Lib\site-packages\sqlalchemy-2.0.41.dist-info\top_level.txt
aeb5e374e95187d0e5b45bb71a9b96b83d07a23b63e1041c1013a6e76677f9d1,2,camboai\camboai\docs\specs\project\GitHub\CamboStationVision\venv\Lib\site-packages\IPython\testing\plugin\test_combo.txt
af2e16b2c0973e52b42c66162903adfff03dc9011ea8f67087e75760f012be9b,1,camboai\camboai\docs\specs\project\CamboAgent\Logs\retry_step1_log.txt
afbb3c587ad82d668258516cfb0364d964670097a226fcc980e3217a76e16e8d,1,camboai\camboai\docs\specs\project\CamboStationVision1226\venv\Lib\site-packages\pip-25.1.1.dist-info\licenses\LICENSE.txt
b0087b5ba354ff0831fd2eb019862bcd8bb1921b6e79a6989fa1a0f70b61dafc,1,camboai\camboai\docs\specs\project\CamboStationVision1226\venv\Lib\site-packages\streamlit-1.46.1.dist-info\top_level.txt
b072509d4055a242b8e8ed8f2be835586f500214e6697cb77f0b2143fb7b4c50,1,camboai\camboai\docs\specs\TraderStation\env\Lib\site-packages\nbclient-0.10.2.dist-info\entry_points.txt
b1689ce7802e0c4dc8c8b93a5cec3405cc824b3af90645eba4325cec1d343934,1,camboai\camboai\docs\specs\project\GitHub\CamboStationVision\venv\Lib\site-packages\scipy\spatial\tests\data\iris.txt
b173e19b9a78df305577ace0e52ef45a4bcc915ea28b47b256dc3b68dcb1f7e7,2,camboai\camboai\docs\specs\project\CamboAI-TraderStation\New folder\frontend\node_modules\foreground-child\node_modules\signal-exit\LICENSE.txt
b18358aa7aebebf8ff22808f29da308ea22dcffc7cf62383b3c4f65afb22bf0d,1,camboai\camboai\docs\specs\project\CamboStationVision1226\venv\Lib\site-packages\plotly-6.2.0.dist-info\licenses\LICENSE.txt
b1a1d890ad02311cd5efc455d7cb54188178b8a4253aa90de1c116a83e209c5c,1,camboai\camboai\docs\specs\project\GitHub\CamboStationVision\venv\Lib\site-packages\scipy\spatial\tests\data\random-int-data.txt
b1d77975dac870fff75fd9b6651d755848bd49a49c93370279b11960e1b9e8ba,1,camboai\camboai\docs\specs\project\GitHub\CamboStationVision\logs\CouncilPulseMap.txt
b2ce9ab53f1c1b8990b806173ba3e8909d2be0c9b97018836cab2ed9edd81dfb,3,camboai\camboai\docs\specs\project\CamboStation309\john-trading-hub\john-trading-hub\venv\Lib\site-packages\gitdb-4.0.12.dist-info\top_level.txt
b327511bd68be821fd8bbf8db795f698dc900ecbbd382d5f6d40fe31176de5b7,1,camboai\camboai\docs\specs\project\GitHub\CamboStationVision\venv\Lib\site-packages\scipy\spatial\tests\data\random-bool-data.txt
b350e96b677f28a072fa32911165bad19dc6a11677269084a3ff62603b7a84e4,1,camboai\camboai\docs\specs\project\GitHub\CamboStationVision\venv\Lib\site-packages\watchfiles-1.1.0.dist-info\entry_points.txt
b37324fbb28e96efa40f7f70f1783f297a0fe59fcc56f801faea64cae384e079,1,camboai\camboai\docs\specs\project\GitHub\CamboStationVision\venv\Lib\site-packages\networkx-3.5.dist-info\top_level.txt
b3f2ff62ba68d3e72ae3d162ba71e26635a6902a9116ab2373c96942cc24fd61,3,camboai\camboai\docs\specs\project\GitHub\CamboStationVision\AI_Trade_Section\GammaForge\Tone_Grid_Matrix\SetupSentimentGrid.txt
b415d0b4f12f747803ff951a4e39b9c25b741889c9e7aa313037513831ec70e8,2,camboai\camboai\docs\specs\project\CamboAI-TraderStation\New folder\frontend\node_modules\rw\test\utf8.txt
b427a5f0e3e90fb2326e302e954a848384212417572864e18afe89e03a0a2459,1,camboai\camboai\docs\specs\project\GitHub\CamboStationVision\venv\Lib\site-packages\litellm\proxy\llamaguard_prompt.txt
b4847b2c5bfa52eff04c4dc8ab02ee3d7f0e28402df5115cde0858061e66f3d7,1,camboai\camboai\docs\specs\project\CamboStationVision1226\venv\Lib\site-packages\certifi-2025.7.9.dist-info\top_level.txt
b4918e7e79a34da15b692ca450fdb3c66215cc5ea9b4525e2f08c45e5e628064,1,camboai\camboai\docs\specs\project\GitHub\CamboStationVision\venv\Lib\site-packages\instructor-1.10.0.dist-info\entry_points.txt
b4b20ab4cd4bcc05f35a0574b6453953619c9778a09b11ed58d6ff8a4e7c5ecd,2,camboai\camboai\docs\specs\TraderStation\env\Lib\site-packages\jupyterlab\static\9892.1c3a710069391fd93b5d.js.LICENSE.txt
b6325333ae6401dc0a009da603bebdb670c661895f47ca6a46ca1b2a35447dc8,1,camboai\camboai\docs\specs\TraderStation\env\Lib\site-packages\mistune-3.1.3.dist-info\top_level.txt
b6a241aef90ae23c9686926f752734869571dc53d3d4e87d673a7fb0bd8cd62b,1,camboai\camboai\docs\specs\project\CamboStationVision1226\venv\Lib\site-packages\blinker-1.9.0.dist-info\LICENSE.txt
b6b26c74d62af93eaaafe71d679e10c45dae460338dc83c3d86f1d0f0ead2854,6,camboai\camboai\docs\specs\project\CamboStation309\AI_Trade_Section\MacroConductor\Persona_Operative_Channel\Mythweaver.txt
b74ce15e0626628d6f8f22f1fc13f2eb4e9859620b8a228fa923b0269ed493e8,2,camboai\camboai\docs\specs\project\CamboAI-TraderStation\New folder\frontend\node_modules\exit\test\fixtures\100-stdout-stderr.txt
b88c9ccc9b5cd0bffaaa48d1a889914ec6cf6ab6b6710a9b95f9a0d974f7dbbd,3,camboai\camboai\docs\specs\project\GitHub\CamboStationVision\AI_Trade_Section\AutoScanner\Setup_Log_Archive\RecentSetups.txt
b8a3102f900ac4f8b83bdfd16ddf37f10784b38226a4640a35b103658aa00609,1,camboai\camboai\docs\specs\project\GitHub\CamboStationVision\venv\Lib\site-packages\shellingham-1.5.4.dist-info\top_level.txt
b8d2780f018d5c484e2b4512c1235a9e3918c91f8193b79841b2450eb5b23a06,4,camboai\camboai\docs\specs\project\CamboStation309\john-trading-hub\john-trading-hub\venv\Lib\site-packages\streamlit-1.46.1.dist-info\entry_points.txt
b8d54223ae1ce22a3e12c1f745316b71678c328eb5f5d3063a842f37cfbe2823,1,camboai\camboai\docs\specs\project\GitHub\CamboStationVision\venv\Lib\site-packages\vaderSentiment\emoji_utf8_lexicon.txt
b8e5d45adbbfe4420afcf3278ca47c9a5be7431e68455dd99a2751280715f786,2,camboai\camboai\docs\specs\TraderStation\env\Lib\site-packages\jupyterlab\static\4372.645626a2452c190dbb22.js.LICENSE.txt
b8e99830f8f2ed7e9e7df995879ea2dd4dcdf52d770d3468cc93809dc06d646d,1,camboai\camboai\docs\specs\project\GitHub\CamboStationVision\venv\Lib\site-packages\coloredlogs-15.0.1.dist-info\entry_points.txt
b90e7c6f507a76108ea43e362c0ba6a6278cf169f969295f4a3c9ee7f2dacb0d,2,camboai\camboai\docs\specs\project\CamboAgent\Scripts\build\supervisor_agent\warn-supervisor_agent.txt
b944af3ce9b26379d3e89fe5de065d028ee6a75cb4a937ae432b954ff597189b,2,camboai\camboai\docs\specs\project\CamboAI-TraderStation\New folder\frontend\node_modules\whatwg-mimetype\LICENSE.txt
b945f0f9784c281117e2959c0ada6e4d39cf84bde1ece104da35a2e75550b1af,2,camboai\camboai\docs\specs\project\GitHub\CamboStationVision\venv\Lib\site-packages\pygments-2.19.2.dist-info\entry_points.txt
b95ed167ad5b5a6f730eb3d518dac66b2e04e160e89c4aad53634f7b9186516b,4,camboai\camboai\docs\specs\project\CamboStation309\john-trading-hub\john-trading-hub\venv\Lib\site-packages\peewee-3.18.1.dist-info\top_level.txt
b98e93f140381d43da7c938887c1b105a2afc17705d5d58f3a39b57008cfd8a2,1,camboai\camboai\docs\specs\project\GitHub\CamboStationVision\venv\Lib\site-packages\pdfminer\cmap\README.txt
b9e970d3e7eed2477e0b122e3ac4756ec8cb2059c068c43a008aa5b89603850c,1,camboai\camboai\docs\specs\project\GitHub\CamboStationVision\venv\Lib\site-packages\huggingface_hub-0.33.4.dist-info\entry_points.txt
ba7c7ccee33fb9d93cc640d604d39f943af3660b398a519e935de33b6ee8668e,3,camboai\camboai\docs\specs\project\CamboStation309\AI_Trade_Section\SetupStrategyBay\MultiStylePlaybook.txt
bceeeb5f816cff1215272da99c0b4a8134b17e99e8cc0550d038c29a93319d61,5,camboai\camboai\docs\specs\project\CamboStation309\john-trading-hub\john-trading-hub\venv\Lib\site-packages\jsonschema-4.24.0.dist-info\entry_points.txt
bdbfff5915c633d079b50d58b2b729dcb2206a05b161fc8db1dd0d4bc0bfd3c5,1,camboai\camboai\docs\specs\project\GitHub\CamboStationVision\venv\Lib\site-packages\chromadb-1.0.15.dist-info\entry_points.txt
bdfdd226e421fa4ed8b6fb14ad5fce3cead3f4aaa7d023a593b20f63286d1a44,2,camboai\camboai\docs\specs\project\GitHub\CamboStationVision\venv\Lib\site-packages\yarl-1.20.1.dist-info\top_level.txt
be6b2a84e709d18d4060af06b70f98c6b9a3c48215f4b7060ea4dbcd040ca1e5,3,camboai\camboai\docs\specs\project\CamboStationVision1226\master_index.txt
be8b1a37ebe26c592a90f6c0eb33103a7f383ce2f4d7498c0af9a526990a07b8,6,camboai\camboai\docs\specs\project\CamboStation309\john-trading-hub\john-trading-hub\venv\Lib\site-packages\pytz-2025.2.dist-info\LICENSE.txt
be98017cc96b5141fe9d89672ea9bf32cf8c223ae03a53425be4d6f02e186a7d,1,camboai\camboai\docs\specs\project\GitHub\CamboStationVision\venv\Lib\site-packages\scipy\spatial\tests\data\pdist-spearman-ml.txt
bef2e19fd411bf6a0bc0d57aece1eed4f58bd0e68f6b6d8c7f81367959c4e95c,2,docs\specs\Desktop\Core Modules (Plug & Play Tabs).txt
bf1d51e360d604eeb887a8aef06728d05d354d54cf597491581695d46c154534,1,camboai\camboai\docs\specs\project\GitHub\CamboStationVision\venv\Lib\site-packages\requests_oauthlib-2.0.0.dist-info\top_level.txt
bfd4cb919eec574e9213e1e61f880831eb5fc372d467be429fd0a8d51d1df890,2,camboai\camboai\docs\specs\project\CamboAI-TraderStation\New folder\frontend\node_modules\@maplibre\maplibre-gl-style-spec\LICENSE.txt
bfd5095c6b390b275d095780a979108963aba69e96b71e86791acfb7dfa38c78,4,camboai\camboai\docs\specs\project\GitHub\CamboStationVision\venv\Lib\site-packages\sniffio-1.3.1.dist-info\top_level.txt
c1365a8e3ed0d357003f1505905df4310d9099ec2d9352ce3094e0e12f95079f,1,camboai\camboai\docs\specs\TraderStation\env\Lib\site-packages\isoduration-20.11.0.dist-info\top_level.txt
c1493e9f10d59d1fba9f9df28008e1557e33cf9fbac8ce1263aa3393982803de,2,camboai\camboai\docs\specs\project\GitHub\CamboStationVision\venv\Lib\site-packages\aiohttp-3.12.14.dist-info\licenses\LICENSE.txt
c20b8214a33af0f50549b6c0f96f80a212d09bbca1210c6430dc089b15677319,2,camboai\camboai\docs\specs\project\CamboAI-TraderStation\New folder\frontend\node_modules\data-urls\LICENSE.txt
c2d5d1bf2b8b1cde5d0e1d93b3025789cedff686cd49e430057ec46228bea0b8,5,camboai\camboai\docs\specs\project\CamboStation309\john-trading-hub\john-trading-hub\venv\Lib\site-packages\yfinance-0.2.63.dist-info\top_level.txt
c2fdbc1aeb250d596d1ef3d9817c9bf31df712b197583c0811677ee5d9206eeb,1,camboai\camboai\docs\specs\project\GitHub\CamboStationVision\venv\Lib\site-packages\pypdfium2-4.30.1.dist-info\LicenseRef-PdfiumThirdParty.txt
c33d4ef841d94f6703c05b68c386682d64204bc598e833f36ff224f525c0f05b,1,camboai\camboai\docs\specs\project\GitHub\CamboStationVision\venv\Lib\site-packages\scipy\spatial\tests\data\pdist-jensenshannon-ml-iris.txt
c37bf186e27cf9dbe9619e55edfe3cea7b30091ceb3da63c7dacbe0e6d77907b,4,camboai\camboai\docs\specs\TraderStation\env\Lib\site-packages\pip-25.2.dist-info\licenses\src\pip\_vendor\urllib3\LICENSE.txt
c3af1272f30870168177e888b184c1f802e5081e75a126c794670c0b562d3783,2,camboai\camboai\docs\specs\project\CamboAI-TraderStation\New folder\frontend\node_modules\performance-now\license.txt
c3bdfa1152a9b9d404ddc90b817e1b6945803879ac53a14d2dde30d677f883bd,1,camboai\camboai\docs\specs\TraderStation\env\Lib\site-packages\win32com\License.txt
c4781011bef1db9eefdec785a046afe77f07430bfa6ee754a63573ac042a934b,1,camboai\camboai\docs\specs\project\CamboStationVision1226\venv\Lib\site-packages\streamlit-1.46.1.dist-info\entry_points.txt
c4c5f0bd7a63871ff786e47be712d493c0818d4bf48384bcf9333c711392d470,1,camboai\camboai\docs\specs\TraderStation\New folder\.venv\Lib\site-packages\python_binance-1.0.15.dist-info\top_level.txt
c4fa7abc58ada86f390fe90e7081168c8666bc3da5e7762231baf08d91698d9c,5,camboai\camboai\docs\specs\project\CamboStation309\john-trading-hub\john-trading-hub\venv\Lib\site-packages\yfinance-0.2.63.dist-info\entry_points.txt
c5accbbd8546e94c34aed24afe689a617627d18eed5a6c48277e48db57c23851,1,camboai\camboai\docs\specs\project\GitHub\CamboStationVision\venv\Lib\site-packages\pypika-0.48.9.dist-info\licenses\LICENSE.txt
c5b051376217001622459f4370b8f50f6761b8422e710a2dcc28e4a3e8d35134,1,camboai\camboai\docs\specs\project\CamboAgent\Logs\chart_module_log.txt
c631a5c1ff8ebe00a65b8d0aa8eba3d35f6fabac04c3e88e527f0d15d36b3352,2,camboai\camboai\docs\specs\project\CamboAI-TraderStation\New folder\frontend\node_modules\glslify\usage.txt
c6b09946fc296c438d15a57b6afb828ce3f73288ae750c3ee1fd8258db1257fc,2,camboai\camboai\docs\specs\project\CamboAI-TraderStation\New folder\frontend\node_modules\plotly.js\dist\plotly-cartesian.min.js.LICENSE.txt
c71d239df91726fc519c6eb72d318ec65820627232b2f796219e87dcf35d0ab4,4,camboai\camboai\docs\specs\project\CamboStation309\john-trading-hub\john-trading-hub\venv\Lib\site-packages\multitasking-0.0.11.dist-info\LICENSE.txt
c7b7b343554da29fff6184492ba419002504839128558c075ba4cf99ae08efa1,3,docs\specs\D_project\requirements.txt
c7e73fb0333c6a54f075a8fbbd8bc601012c8eb83a9f92f2706aeb3d1e1d958d,1,camboai\camboai\docs\specs\project\GitHub\CamboStationVision\venv\Lib\site-packages\scipy\spatial\tests\data\selfdual-4d-polytope.txt
c8b22deb666940868b61b1bc7498c178c76ae6350de43dbde37923d6cec336e4,2,camboai\camboai\docs\specs\project\CamboAI-TraderStation\New folder\frontend\node_modules\recharts\umd\Recharts.js.LICENSE.txt
c8df277431b6df5009ae4eb6fc4609749d7f589708fe82669c618536c20f7050,2,docs\specs\Desktop\zencoder chat 6h ago.txt
c91975ac26ecc1bd6741343f8194650b0e507da6f3b541a77c658b8655c535d2,1,camboai\camboai\docs\specs\project\GitHub\CamboStationVision\venv\Lib\site-packages\python_dotenv-1.1.1.dist-info\entry_points.txt
c966715c94f262d6a8ef76acc7fb44faa514e5e65927c8aedb4596def3262c5f,1,camboai\camboai\docs\specs\project\GitHub\CamboStationVision\venv\Lib\site-packages\langchain\chains\llm_summarization_checker\prompts\are_all_true_prompt.txt
ca3cb51259ae91826537c22878db31df1db61292dd619ef764a640f181478bc5,2,camboai\camboai\docs\specs\project\CamboAI-TraderStation\New folder\frontend\node_modules\exit\test\fixtures\10-stdout-stderr.txt
ca3e6c192871408d4746c873cbb62d5cd92e945825d05c1834b3a3a28ee28643,1,camboai\camboai\docs\specs\project\CamboStationVision1226\venv\Lib\site-packages\watchdog-6.0.0.dist-info\entry_points.txt
cac35c02686e5d04a5a7140bfb3b36e73aed496656e891102e428886d7930318,6,camboai\camboai\docs\specs\project\CamboStation309\john-trading-hub\john-trading-hub\venv\Lib\site-packages\colorama-0.4.6.dist-info\licenses\LICENSE.txt
cae475e21e590a417b83ff536e690d5fb88bfbd9d5c44b3790c55c96d60a9f43,3,camboai\camboai\docs\specs\project\GitHub\CamboStationVision\AI_Trade_Section\GammaForge\Greeks_Snapshot\VolatilityResonance.txt
cba8d3c67c9eb8b9cbf9725c0eff2e30bde7eb0c98886460f0c4e9fd0189f47a,5,camboai\camboai\docs\specs\project\CamboStation309\john-trading-hub\john-trading-hub\venv\Lib\site-packages\cffi-1.17.1.dist-info\entry_points.txt
cc2a29bf8513b81fe65e9be2ecaf79f43f427e953ae11fa0fbc68eeebd7eb4cd,3,camboai\camboai\docs\specs\project\CamboStation309\AI_Trade_Section\ConvictionDriftScanner\DriftPulseMatrix.txt
cc3a6e28a0b11628691bf6b995bd78f2a664dabdf137134c4aa5b018b85d032e,3,camboai\camboai\docs\specs\project\CamboStation309\AI_Trade_Section\MythForge\Identity_Evolution_Log\SetupIdentityTrace.txt
cd1b8bde90ea9eea77b30ccfa335dbe4f69ab2dd76f9ff59758c1008ce366269,2,camboai\camboai\docs\specs\TraderStation\env\Lib\site-packages\jupyterlab\static\6540.51c00e890179a4832552.js.LICENSE.txt
cd60b4bb15336d960625729510fe03f22e7e5777f645b4609a60e6dac817e833,1,camboai\camboai\docs\specs\project\CamboStationVision1226\venv\Lib\site-packages\pillow-11.3.0.dist-info\top_level.txt
cdcbe223b321e00bef3c1a6029907311d81b561fdec2c7ef4b6b77fb072c9cde,1,camboai\camboai\docs\specs\project\GitHub\CamboStationVision\venv\Lib\site-packages\jsonpatch-1.33.dist-info\top_level.txt
ce482d8697ff15af4d544f69e85293dd793d0d1d5f680711538728820b15ee30,2,camboai\camboai\docs\specs\TraderStation\env\Lib\site-packages\setuptools-80.9.0.dist-info\entry_points.txt
ce4fdf2447a4ad39bd0cbc57d8bc067a0a2456a3fa6e5a8f845a0c22e87436ff,1,camboai\camboai\docs\specs\project\GitHub\CamboStationVision\venv\Lib\site-packages\onnxruntime-1.22.0.dist-info\top_level.txt
ce53f508d0cb88bdb4621e236ca34881a3fa1805f97dfccf38960128a4e2ead9,1,camboai\camboai\docs\specs\TraderStation\New folder\.venv\Lib\site-packages\lxml-6.0.0.dist-info\licenses\LICENSES.txt
ceebae7b8927a3227e5303cf5e0f1f7b34bb542ad7250ac03fbcde36ec2f1508,6,camboai\camboai\docs\specs\project\CamboStation309\john-trading-hub\john-trading-hub\venv\Lib\site-packages\pip-25.1.1.dist-info\top_level.txt
cf392704b7662560ab715811cf6adc14daa287d6b7cb531e9ae4c9ca7bd8ca8c,1,camboai\camboai\docs\specs\TraderStation\env\Lib\site-packages\Send2Trash-1.8.3.dist-info\top_level.txt
cf8e5a34e2860ddac8d6ba2a658dc1197436da42453c706655dc2d2d82ed5c2d,2,camboai\camboai\docs\specs\project\GitHub\CamboStationVision\venv\Lib\site-packages\aiosignal-1.4.0.dist-info\top_level.txt
cf9044128856820d121dd81d78d0017f84f77eefa5afd5ba17f6d63901cb755b,2,camboai\camboai\docs\specs\project\GitHub\CamboStationVision\venv\Lib\site-packages\ipython-9.4.0.dist-info\entry_points.txt
cfc7749b96f63bd31c3c42b5c471bf756814053e847c10f3eb003417bc523d30,7,camboai\camboai\docs\specs\project\CamboStation309\john-trading-hub\john-trading-hub\venv\Lib\site-packages\yfinance-0.2.63.dist-info\licenses\LICENSE.txt
cfd8e399e9f24c4dbde3f1dfc89ea13ce6a9226d826014f808bdd38de0df0844,6,docs\specs\D_TraderStation\How I’ll Remember Everything.txt
d02e26fe72d139e57927c9cc7e6dd16047d881026a9a51d9682a550f6e1ba106,1,camboai\camboai\docs\specs\project\GitHub\CamboStationVision\venv\Lib\site-packages\sympy\parsing\autolev\test-examples\README.txt
d092d40348b35bf5449644dd005b129199bc61d89d69884d3b9429b6d3f6858d,1,camboai\camboai\docs\specs\project\CamboAgent\Logs\last_build.txt
d099cddcb7d71f82c845f5cbf9014e18227341664edc42f1e11d5dfe5a2ea103,8,camboai\camboai\docs\specs\TraderStation\env\Lib\site-packages\setuptools\_vendor\jaraco.collections-5.1.0.dist-info\top_level.txt
d0a1e5d9124cd85bb41fa101f7cbc34e0bb5f05d22e58840a7b765237058885f,5,camboai\camboai\docs\specs\project\CamboStation309\john-trading-hub\john-trading-hub\venv\Lib\site-packages\tornado\test\static_foo.txt
d0b472b36617b4af87481671338dd649139e5c619090937ba317c98bed2bbff2,2,camboai\camboai\docs\specs\project\GitHub\CamboStationVision\venv\Lib\site-packages\jedi-0.19.2.dist-info\AUTHORS.txt
d119fdc67bc7bbb8c846de5ed1b8b1b2db73f6c26c2cad6da65aafccee4e943b,1,camboai\camboai\docs\specs\TraderStation\env\Lib\site-packages\nbconvert-7.16.6.dist-info\entry_points.txt
d12a70192afb731dab00328159f7dcf39b2260d3186a870215dab87a0f2d5b93,3,camboai\camboai\docs\specs\project\CamboStation309\AI_Trade_Section\GammaForge\Tone_Grid_Matrix\SetupSentimentGrid.txt
d15889a91b4964b212ec87e31eb520608e9122f598d1c7e4d4e8c0969e3466cc,2,camboai\camboai\docs\specs\project\GitHub\CamboStationVision\venv\Lib\site-packages\matplotlib_inline-0.1.7.dist-info\top_level.txt
d15f0cb3409e058f187a1515a0ed0ffde4aa93e82fc15e7fa614e50cb1be0f1d,1,camboai\camboai\docs\specs\project\GitHub\CamboStationVision\Visual Roadmap Phase-by-Phase Timel.txt
d1933b0432a1e0f27baf23df3b655330b0a6571bd846d4bfc6f1902cbe0ffb16,2,camboai\camboai\docs\specs\project\CamboAI-TraderStation\New folder\frontend\node_modules\@webassemblyjs\leb128\LICENSE.txt
d1fbe88e7f8319cdc2e12efa0c539c176145a8132993a10e908e20cae43f429a,1,camboai\camboai\docs\specs\project\CamboStationVision1226\venv\Lib\site-packages\requests-2.32.4.dist-info\top_level.txt
d21cc3b88a7ca1bbfadb85771a66eab1a8015a493ca21b4653e05cd4f9934f4a,3,camboai\camboai\docs\specs\project\CamboStation309\john-trading-hub\john-trading-hub\venv\Lib\site-packages\GitPython-3.1.44.dist-info\top_level.txt
d2ee431ed464f805ce8a4e639e43b4af0d93434d63a1b16e3a4f596c625981c8,1,camboai\camboai\docs\specs\project\CamboStationVision1226\venv\Lib\site-packages\pip-25.1.1.dist-info\entry_points.txt
d33efbdf4d309bfa4448199551371ff81d5f57661b781faf79d256554e038595,2,camboai\camboai\docs\specs\TraderStation\New folder\.venv\Lib\site-packages\jupyterlab_plotly\labextension\static\486.52aa9063b291ec574154.js.LICENSE.txt
d3abf76af894decb513f3a1e9eb2762bf273dcc6b747d150604fb9e1e4ce5d89,2,camboai\camboai\docs\specs\project\GitHub\CamboStationVision\venv\Lib\site-packages\overrides-7.7.0.dist-info\top_level.txt
d3b4d686f941f7681f324a3c61dd03c182d07da18ce9a4a7c8f41380d18b15fd,4,camboai\camboai\docs\specs\project\CamboStation309\john-trading-hub\john-trading-hub\venv\Lib\site-packages\pyarrow-20.0.0.dist-info\NOTICE.txt
d44cf9a232cbddf5f02d260a08ca855ac6e6551e9d1c1a4c9aaca51d1394a77d,6,docs\specs\D_TraderStation\ai task.txt
d45296f00546c7a63b37ff2d4483a52ee983c3a3ed49c6d188b966bc82fc4089,1,camboai\camboai\docs\specs\project\GitHub\CamboStationVision\modules\CamboStation_TodayRebuild.py.bak.20250709220027.txt
d47cd0188306d0e1b07e76e846452ac1b4c48369d37af397d966a3d2040045ac,2,camboai\camboai\docs\specs\project\GitHub\CamboStationVision\venv\Lib\site-packages\websocket\tests\data\header02.txt
d49fb5cb77f2f622f79fbfee49eec4d3dab51570ad119d054242acd0535b98d7,2,camboai\camboai\docs\specs\TraderStation\env\Lib\site-packages\jupyterlab\static\4728.56c0b9d87316b2fa012e.js.LICENSE.txt
d544761558b510866c21f7e8a2d5716fca76e0b98117e3b6b86314db7244d150,7,camboai\camboai\docs\specs\project\CamboStation309\john-trading-hub\john-trading-hub\venv\Lib\site-packages\numpy\_core\include\numpy\random\LICENSE.txt
d5d8f3f7570673c7d6cbebc5b3ea4981fb549ecac7fc38bf05fcbbd9ed75166b,1,camboai\camboai\docs\specs\TraderStation\env\Lib\site-packages\debugpy\_vendored\pydevd\_pydevd_frame_eval\vendored\README.txt
d813bc651367bc95a05f2890bfae8b05bfeff3ba81cdca14b4405e7c0ef93ae9,3,camboai\camboai\docs\specs\project\CamboStation309\john-trading-hub\john-trading-hub\venv\Lib\site-packages\toml-0.10.2.dist-info\top_level.txt
d89a21d487f6b33935b7825abff58b3b0318514955245d40ee54e1d4c31f8805,1,camboai\camboai\docs\specs\project\GitHub\CamboStationVision\logs\SummaryPulse.txt
d8b24f15d472885f788a2d6e985850f264627b86012a17bb242c83f310d907e5,2,camboai\camboai\docs\specs\project\GitHub\CamboStationVision\venv\Lib\site-packages\jsonpointer-3.0.0.dist-info\LICENSE.txt
d8e3545aa7998d865890071f4260c3abce20cf9ecf6502134ba65bad21167a90,1,camboai\camboai\docs\specs\project\CamboStationVision1226\venv\Lib\site-packages\python_dateutil-2.9.0.post0.dist-info\top_level.txt
d94ccc22fcffafb653d93c2dfa31fea6cb7402fb9ee2e78665ece4ed3dbfeaad,1,camboai\camboai\docs\specs\project\GitHub\CamboStationVision\venv\Lib\site-packages\scipy\spatial\tests\data\pdist-double-inp.txt
d99ab209aeb16aad2c25c90ffd83c1a981e290ffff76a420a2ab03e03f041b8c,1,camboai\camboai\docs\specs\TraderStation\New folder\.venv\Lib\site-packages\tzlocal-5.3.1.dist-info\LICENSE.txt
da16ddb65f8ca390998fb99223d0112498b56b45784d00afd77ff8ce1ac4de8b,2,camboai\camboai\docs\specs\project\CamboAI-TraderStation\New folder\frontend\node_modules\tslib\CopyrightNotice.txt
da55647509b12c0d6934c812376795f3da3dd070997b3866370b32eabc8a0d20,3,camboai\camboai\docs\specs\project\GitHub\CamboStationVision\venv\Lib\site-packages\httpx-0.28.1.dist-info\entry_points.txt
da6e32437af24d8a74f2e98251e5c1a90d4b2a2c37b696c93ecb93ccf9f288de,1,camboai\camboai\docs\specs\TraderStation\env\Lib\site-packages\jupyter_events-0.12.0.dist-info\entry_points.txt
daee818208313020b429fd7b69755232e3cd27348a10284076c4bd84e6008d83,2,camboai\camboai\docs\specs\project\CamboAI-TraderStation\New folder\frontend\node_modules\@mapbox\tiny-sdf\LICENSE.txt
dcd8c5e27012f2c0754081a51b5e742ca71f4928d557bd204ab14447b9b76f44,2,camboai\camboai\docs\specs\project\CamboAI-TraderStation\New folder\frontend\node_modules\@plotly\mapbox-gl\LICENSE.txt
dce6c2124c1dfd796b5b0503142d51aaf75adcade02b8103fc1e39d263fec5ba,1,camboai\camboai\docs\specs\project\GitHub\CamboStationVision\logs\SyncLedger.txt
dce6e3a9031b875c5e410c2c5ad81b7c33433030fe11b8204753a3ff3f2cf617,1,camboai\camboai\docs\specs\project\GitHub\CamboStationVision\venv\Lib\site-packages\distro-1.9.0.dist-info\entry_points.txt
dd2e05f1248a2b6057730a1847e6220a0ab6d9753a8c018e3e68ad2de0e9872e,1,camboai\camboai\docs\specs\TraderStation\env\Lib\site-packages\pywin32.version.txt
dd6c6ed4506c3936e22a1d1620f27c595235fee249bec1407669717ba467f81f,1,camboai\camboai\docs\specs\project\GitHub\CamboStationVision\venv\Lib\site-packages\mmh3-5.1.0.dist-info\top_level.txt
dd835e67a9a297da32f9467d7677a5d02c8e50e10f15da43b810147c79c04b9b,2,camboai\camboai\docs\specs\project\CamboAI-TraderStation\New folder\frontend\node_modules\tsutils\node_modules\tslib\CopyrightNotice.txt
dde683a5229087187833249b0804c36143cee9f045af1eb4b30a54cb7fb0592f,2,docs\specs\Desktop\Option A — Fastest Managed Launch (.txt
de11b2b7d4af85d160347e7cbe734b5bc7b5beb5584281506bc1a5bc84b3aa3e,2,camboai\camboai\docs\specs\project\CamboAI-TraderStation\New folder\frontend\node_modules\@mapbox\vector-tile\LICENSE.txt
deb80a29568865aff488b458b04768fb1c42a192911fd9a1bd54385bacb4dbf3,4,camboai\camboai\docs\specs\project\CamboStation309\john-trading-hub\john-trading-hub\venv\Lib\site-packages\multitasking-0.0.11.dist-info\top_level.txt
dec880bb89189b5c9b1491c9ee8a2aa57e53016ef41a2b69f5d71d1c2fbb0453,1,camboai\camboai\docs\specs\project\GitHub\CamboStationVision\venv\Lib\site-packages\setuptools-65.5.0.dist-info\entry_points.txt
df8fbbe1de4d3404604ec3f108cb5ae68dbc5e904d992374882661b66c76164f,1,camboai\camboai\docs\specs\project\GitHub\CamboStationVision\venv\Lib\site-packages\et_xmlfile-2.0.0.dist-info\top_level.txt
e00f828e0a33de591a355ae6606d2625f5758da7d2c844db7821c9dd3e3647b6,1,camboai\camboai\docs\specs\project\GitHub\CamboStationVision\venv\Lib\site-packages\onnxruntime\ThirdPartyNotices.txt
e029641fc793a2f66b755ac916c56ec5d6cc105fbe941552b8aa270c03c4e497,2,camboai\camboai\docs\specs\TraderStation\env\Lib\site-packages\pkg_resources\tests\data\my-test-package_unpacked-egg\my_test_package-1.0-py3.7.egg\EGG-INFO\SOURCES.txt
e05b1eaf5b5f99b7ad75cd1f38858ff9a311780b97715ead67936d60bf96aa7e,2,camboai\camboai\docs\specs\project\CamboAI-TraderStation\New folder\frontend\node_modules\signal-exit\LICENSE.txt
e25aac985a11720fb52b48547ae21bc5804e77ee34060c3ca45f41759c240bb9,2,camboai\camboai\docs\specs\project\GitHub\CamboStationVision\venv\Lib\site-packages\json5-0.12.0.dist-info\top_level.txt
e2d8dd5a485166f17b2c0fc161efcbf60076c3fa766becf9cba02b8da464a2df,6,camboai\camboai\docs\specs\project\CamboStation309\john-trading-hub\john-trading-hub\venv\Lib\site-packages\python_dateutil-2.9.0.post0.dist-info\top_level.txt
e33dbc021b83a1dc114bf73527f97c1f9d6de50bb07d3b1eb24633971a7a82bb,2,camboai\camboai\docs\specs\TraderStation\env\Lib\site-packages\setuptools\_vendor\typeguard-4.3.0.dist-info\top_level.txt
e3a994d82e644b03a792a930f574002658412f62407f5fee083f2555c5f23118,3,camboai\camboai\docs\specs\project\CamboStation309\john-trading-hub\john-trading-hub\venv\Lib\site-packages\frozendict-2.4.6.dist-info\LICENSE.txt
e3b0c44298fc1c149afbf4c8996fb92427ae41e4649b934ca495991b7852b855,8,docs\specs\Desktop\New Text Document.txt
e3baaa532b9e2303b187b18e05dfed48961d6d16c82d0ae47978b2fd2ce47084,1,camboai\camboai\docs\specs\TraderStation\env\Lib\site-packages\debugpy\ThirdPartyNotices.txt
e4026afc43ed18653024f8102e70597db56bf856022304f4c4fedd20464edcd2,1,camboai\camboai\docs\specs\TraderStation\New folder\.venv\Lib\site-packages\charset_normalizer-2.0.12.dist-info\entry_points.txt
e43c6dba8d821b87a1b124f96aeae9f1372f24d5c5e25090c1ccd9ba7859c229,1,camboai\camboai\docs\specs\project\GitHub\CamboStationVision\logs\SignalLedger.txt
e5000ad4c78da5681876a5a853c898943b8607c8fa3433e0c7eb925074ded00e,4,camboai\camboai\docs\specs\project\CamboStation309\john-trading-hub\john-trading-hub\venv\Lib\site-packages\tornado-6.5.1.dist-info\top_level.txt
e539937c489c4928ad7461669ec017f4d916fb3565fc26f5b8a0ce816d2ed23c,4,camboai\camboai\docs\specs\project\CamboAI-TraderStation\New folder\frontend\node_modules\cssom\LICENSE.txt
e547e2dd357275cc39d38417c58c25f846c2c6ff2a5d9337b2a5e1f3c3de862a,9,camboai\camboai\docs\specs\TraderStation\New folder\.venv\Lib\site-packages\jupyterlab_plotly\labextension\static\478.07d8d9ae56ba83491686.js.LICENSE.txt
e5eb9d828cb6548a3fbcf66d8f6fbf71f0426f8e2de1d2c1601b620b9b2ea4a5,1,camboai\camboai\docs\specs\project\CamboStationVision1226\venv\Lib\site-packages\numpy-2.3.1.dist-info\LICENSE.txt
e602dc8fc88293e582386cf439ba50a6e64c846c12d6350cc87de6a2e1b14092,2,camboai\camboai\docs\specs\project\GitHub\CamboStationVision\venv\Lib\site-packages\IPython\testing\plugin\test_exampleip.txt
e6b257ac41b1eacb782a49a138f47a9742130db579df1fd7cba32eaceba45df0,2,camboai\camboai\docs\specs\project\GitHub\CamboStationVision\venv\Lib\site-packages\prompt_toolkit-3.0.51.dist-info\top_level.txt
e781b931c7909ee0fb117be9ee3cc6c430daa40d623b0b21efb8e108df562a47,1,camboai\camboai\docs\specs\project\GitHub\CamboStationVision\venv\Lib\site-packages\tiktoken-0.9.0.dist-info\top_level.txt
e7c3ce8d76331b0101cc46790ab43958ea90a364bcf962ed8763d5a818340e69,1,camboai\camboai\docs\specs\TraderStation\New folder\.venv\Lib\site-packages\lxml-6.0.0.dist-info\licenses\LICENSE.txt
e7de16bf579c41a2bbd4e65ea6815c6eaebcdd963f67a91733a772206022ad64,2,camboai\camboai\docs\specs\project\CamboAI-TraderStation\New folder\frontend\node_modules\exit\test\fixtures\10-stderr.txt
e85159c9e9ee9a05aa9e12e06c26b8cb32f81d535a4940c2d831cdc91e45cbac,1,camboai\camboai\docs\specs\TraderStation\env\Lib\site-packages\bleach\_vendor\vendor.txt
e859468446e805ba7024b60a556666aa675ec4e2451a0c8d18397d3d633faf08,1,camboai\camboai\docs\specs\project\GitHub\CamboStationVision\venv\Lib\site-packages\litellm-1.72.6.dist-info\entry_points.txt
e8c6257530b0493cebc5b1cbcde3d1a540dd94a0894c1a8b51df765f76a2a0e5,4,camboai\camboai\docs\specs\project\CamboStation309\john-trading-hub\john-trading-hub\venv\Lib\site-packages\pyarrow\src\arrow\python\vendored\CMakeLists.txt
e8e62005c2f21425207aa2e09ef332389c4f096ce0cbbb1ee2b2cf2ad3689ccb,4,camboai\camboai\docs\specs\project\GitHub\CamboStationVision\venv\Lib\site-packages\langchain-0.3.26.dist-info\entry_points.txt
e8e9ba25311aaa45a78fef7eee424e26bf7cf2c4ceea24ae88ae0df57e912e98,1,camboai\camboai\docs\specs\TraderStation\env\Lib\site-packages\debugpy-1.8.15.dist-info\top_level.txt
e932d9f5bdf714a5ba4c99aa2355353279655d92de23fec455841d06a3d50b4b,1,camboai\camboai\docs\specs\project\GitHub\CamboStationVision\venv\Lib\site-packages\tomli-2.2.1.dist-info\top_level.txt
e9e43336581d738d3d3c86e65b63bd2357dd4a945ec21e28c4eb0c4a8b522ac6,2,camboai\camboai\docs\specs\project\CamboAI-TraderStation\New folder\frontend\node_modules\@mapbox\mapbox-gl-supported\LICENSE.txt
ea558104241d196ec76c5deb5c2a0aebdfec9b9e41bbe2bb9e1b43fa150e7d5e,3,camboai\camboai\docs\specs\project\GitHub\CamboStationVision\AI_Trade_Section\SymbolArcBay\SymbolMythStream.txt
eafbebf76d3c4f2a701bd18e21f9d6a3f9ce9124ab2da831d8148b006aea2fbc,3,camboai\camboai\docs\specs\project\CamboStation309\AI_Trade_Section\Short_Squeeze\Intel_Scoreboard\SentimentHeatmap.txt
eb145896df77e2fd721dbd4922b5e01f21b19f772a002bddfb213cb248bf91c7,6,camboai\camboai\docs\specs\project\CamboStation309\john-trading-hub\john-trading-hub\venv\Lib\site-packages\pytz-2025.2.dist-info\top_level.txt
ec04b2cde3ebf3fc6e65626c9ea263201b7257cbe1128d30042bf530f4518b74,5,camboai\camboai\docs\specs\project\CamboStation309\john-trading-hub\john-trading-hub\venv\Lib\site-packages\charset_normalizer-3.4.2.dist-info\top_level.txt
ec26fade0c8bdac211a6c1dd003a65eb16885b925395423e93fcaa115af4052c,6,camboai\camboai\docs\specs\project\CamboStation309\john-trading-hub\john-trading-hub\venv\Lib\site-packages\numpy-2.3.1.dist-info\entry_points.txt
ec504bb118c850754a42c5c8868cee23793e9ae9f5b5aa69f2264ef449943c4c,1,camboai\camboai\docs\specs\project\GitHub\CamboStationVision\venv\Lib\site-packages\posthog-5.4.0.dist-info\top_level.txt
ed1be6acb0f8847e7d334cc96c2744a5421a8c9129ac2cdb9597ee88b83a6ab9,1,camboai\camboai\docs\specs\TraderStation\env\Lib\site-packages\types_python_dateutil-2.9.0.20250708.dist-info\top_level.txt
edd1c6a4ba90df0faf1a6184567fbbb8af74a94f5fcab19d5968bb4be8137273,1,camboai\camboai\docs\specs\TraderStation\New folder\backend\venv\Lib\site-packages\psycopg2_binary-2.9.9.dist-info\top_level.txt
ede2802a17249a50f86685899169a19d3b35a673ff6f317ee7a553ab40fb588a,1,camboai\camboai\docs\specs\project\GitHub\CamboStationVision\venv\Lib\site-packages\humanfriendly-10.0.dist-info\top_level.txt
ee5fc05a0677eaf69601d2c7db0d9ecd6cc27c3abc1d0733bc9ed34707cf8ef2,4,camboai\camboai\docs\specs\project\CamboAI-TraderStation\New folder\frontend\node_modules\maplibre-gl\LICENSE.txt
ee7b6bfc6c7a97c4d05e96d617271ff8d9c8dc776a6a0c6f376bac10d3449075,1,camboai\camboai\docs\specs\project\GitHub\CamboStationVision\venv\Lib\site-packages\litellm\llms\huggingface\huggingface_llms_metadata\hf_text_generation_models.txt
ee8bcf1df00fc93a2ed7d7fc80e49b1e6e81f5d1a34e26d6a2570207b663a2fb,1,camboai\camboai\docs\specs\TraderStation\New folder\.venv\Lib\site-packages\ecdsa-0.19.1.dist-info\top_level.txt
eea2d2e056c65f03d98df7695401a99e693d23a9ba1f90b1127c1c0b1d489a3b,1,camboai\camboai\docs\specs\project\GitHub\CamboStationVision\venv\Lib\site-packages\onnxruntime-1.22.0.dist-info\entry_points.txt
eec9522beaab75e50cdb49d032b617f6d8c66c99adc1414acec44079c10d8770,3,docs\specs\Desktop\CamboStation™ Vision — Full Modular.txt
efe559c193760a007f9f436548b93eac450587cba0db594449bb1b94e62e66ac,1,camboai\camboai\docs\specs\project\GitHub\CamboStationVision\venv\Lib\site-packages\json_repair-0.25.2.dist-info\top_level.txt
f02f98de25c87f25d0f374e98abd81f2df972c9629c45e716dbdfc77f8ecfa1e,4,camboai\camboai\docs\specs\project\CamboStation309\john-trading-hub\john-trading-hub\venv\Lib\site-packages\charset_normalizer-3.4.2.dist-info\entry_points.txt
f0ace5409018e26894be302cb0e009a1da8a3b0de16ab373ba2c0643da8b4929,1,camboai\camboai\docs\specs\project\GitHub\CamboStationVision\venv\Lib\site-packages\huggingface_hub-0.33.4.dist-info\top_level.txt
f1141c3c31575c764a76e4e3833ba0a4f356df3223c454f46b14e1e14b13ea01,1,camboai\camboai\docs\specs\TraderStation\env\Lib\site-packages\fastjsonschema-2.21.1.dist-info\top_level.txt
f1ac6a46539b213877c2951cf65710c89591056f55331f36e87a07163986011a,6,docs\specs\D_TraderStation\Sidebar Modules (Toggleable).txt
f234b7148fa86d768d1bd4d21fa791a558d068c97b2f20fbb7f9b7779704ddc5,1,camboai\camboai\docs\specs\TraderStation\env\Lib\site-packages\jupyter_server-2.16.0.dist-info\entry_points.txt
f263e9da5fdd126ad3e91b84dfd37277e395194b860ef3d7b57c56b4df746d70,1,camboai\camboai\docs\specs\project\TradingHub\requirements.txt
f26fed4e971497358697cbfea63e568bb5e100568dd7f6cb2911d0282cb3e7f2,2,camboai\camboai\docs\specs\project\GitHub\CamboStationVision\venv\Lib\site-packages\websocket_client-1.8.0.dist-info\top_level.txt
f46f8eb1391bc0f80cf2df9b5ca3e658305166ff5c6f32c88840c4e449c69362,1,camboai\camboai\docs\specs\TraderStation\env\Lib\site-packages\python_json_logger-3.3.0.dist-info\top_level.txt
f57cbf540e2e17c37e94f6ef0e9a3f0b40d747eba50041b0ae6bd29e97a5aee8,1,camboai\camboai\docs\specs\MIGRATION_LOG.txt
f5f3a107ef1ea00c1d94a3ca2ce30f98a12662c7e64f09a59e70c312cb76dff8,1,camboai\camboai\docs\specs\TraderStation\env\Lib\site-packages\pywin32-311.dist-info\top_level.txt
f69fa6a6652581ae8c6cbab9e720bacb3b335a03335c2024afd6ddc6f7cfe240,2,camboai\camboai\docs\specs\project\CamboAI-TraderStation\New folder\frontend\node_modules\@mapbox\geojson-rewind\LICENSE.txt
f76e6a61824044c8d82ff781b5f9a5fcc42bb6aeac43f1c25cb961eaece17656,1,camboai\camboai\docs\specs\project\GitHub\CamboStationVision\venv\Lib\site-packages\sklearn\datasets\tests\data\svmlight_multilabel.txt
f78777e211f01bcaa37835d89fd0a8de3b9c1bf37d0a43be57991643a0ab7bcc,1,camboai\camboai\docs\specs\project\GitHub\CamboStationVision\venv\Lib\site-packages\requests_toolbelt-1.0.0.dist-info\top_level.txt
f7f6f3f0b1937a268e3a6b27ea271d3156720be7ecab3e3c349c4bb7ddd106da,1,camboai\camboai\docs\specs\TraderStation\New folder\.venv\Lib\site-packages\python_multipart-0.0.5.dist-info\top_level.txt
f828649e10c0e9946c443b1736c8a7a8d89adc4a1a93b1f2a545c9bd308de35f,1,camboai\camboai\docs\specs\project\GitHub\CamboStationVision\venv\Lib\site-packages\sklearn\datasets\tests\data\svmlight_classification.txt
f878d4767f9ad2e43d3083efa00201b000ce937d9ee8626e00ba5c72aac951e2,1,camboai\camboai\docs\specs\TraderStation\env\Lib\site-packages\pywinpty-2.0.15.dist-info\licenses\LICENSE.txt
f89301ddd4c192fa859b810a7e7a8b1b601cab3318580eba6b7d36eaa9776f21,4,camboai\camboai\docs\specs\project\CamboStation309\john-trading-hub\john-trading-hub\venv\Lib\site-packages\plotly-6.2.0.dist-info\entry_points.txt
f8a7a79c0fbce4a13637e753c91d931b8bf7d0dbd673a20013acc22049e08d94,1,camboai\camboai\docs\specs\project\GitHub\CamboStationVision\venv\Lib\site-packages\litellm\llms\huggingface\huggingface_llms_metadata\hf_conversational_models.txt
f8ea276464b8c47758850b48fd7caa8f5136ec4a27a5b49fdfbd2d3be81960d9,1,camboai\camboai\docs\specs\project\GitHub\CamboStationVision\venv\Lib\site-packages\opentelemetry_sdk-1.35.0.dist-info\entry_points.txt
f9907095b1d1543c413f1e70b4154500e1c7224b439256be4384314115309d1d,1,camboai\camboai\docs\specs\TraderStation\env\Lib\site-packages\rfc3339_validator-0.1.4.dist-info\top_level.txt
f9eb83125924e7faa499f209ed68aa09a6f4d999521595b29de8ca839f6a6504,2,camboai\camboai\docs\specs\project\GitHub\CamboStationVision\venv\Lib\site-packages\multidict-6.6.3.dist-info\top_level.txt
fa67973073753d17624caf8684d5ee816d70c89d912c5bca7ca0f08e7b150edb,2,camboai\camboai\docs\specs\project\GitHub\CamboStationVision\venv\Lib\site-packages\parso-0.8.4.dist-info\LICENSE.txt
fc1927bdb72113e588ae4e3b65474bc6734c11d6dba4292b6df98dacac5db439,2,camboai\camboai\docs\specs\project\CamboAI-TraderStation\New folder\deploy\LAST_TUNNEL_CID.txt
fca01b2275256e874f08aac73e0d127cade6e2c3c94029f1ec62c059ee46d361,2,camboai\camboai\docs\specs\project\CamboAI-TraderStation\New folder\frontend\node_modules\exit\test\fixtures\10-stdout.txt
fcad5a5eac6bd8aed98a0ed64a22762acf07c48e5873ea1c6112d3bd7d9acb2a,3,docs\specs\D_project\# === CamboStationVision Dashboardpycopy.txt
fd0de10937eccf8736ca8d5a7fe26e87996b85182f80a25cdef31a21b9462ce3,6,camboai\camboai\docs\specs\project\CamboStation309\AI_Trade_Section\MacroConductor\Persona_Operative_Channel\Grok.txt
fd33ab3714fce7006bb3c021dbd8e8e217f3e3268d7c1e6728b69b081e4f568b,1,camboai\camboai\docs\specs\TraderStation\env\Lib\site-packages\debugpy-1.8.15.dist-info\entry_points.txt
fdde98bbaba269998d7b40b2768c22ac4f429a0ef350bda0d3cb50a684b742f7,4,camboai\camboai\docs\specs\project\GitHub\CamboStationVision\venv\Lib\site-packages\anyio-4.9.0.dist-info\entry_points.txt
fe2547fe2604b445e70fc9d819062960552f9145bdb043b51986e478a4806a2b,6,camboai\camboai\docs\specs\project\CamboStation309\john-trading-hub\john-trading-hub\venv\Lib\site-packages\six-1.17.0.dist-info\top_level.txt
ff542f48922114019fc5befd0fa0e107b494c365fa4f8af09f3fcb2eb6dc0f77,1,camboai\camboai\docs\specs\project\GitHub\CamboStationVision\venv\Lib\site-packages\googleapis_common_protos-1.70.0.dist-info\top_level.txt
